,season,rank,rate,alias,id,pokemon,form,type1,type2,category,terastal,item
0,8,1,2208.409,キョジオーン,0934-00,キョジオーン,,いわ,,一般,どく,たべのこし
1,8,1,2208.409,カイリュー,0149-00,カイリュー,,ドラゴン,ひこう,一般,みず,ゴツゴツメット
2,8,1,2208.409,テツノツツミ,0991-00,テツノツツミ,,こおり,みず,パラドックス,ゴースト,ブーストエナジー
3,8,1,2208.409,イーユイ,1004-00,イーユイ,,あく,ほのお,準伝説,ほのお,こだわりスカーフ
4,8,1,2208.409,キラフロル,0970-00,キラフロル,,いわ,どく,一般,くさ,とつげきチョッキ
5,8,1,2208.409,ウーラオス(いちげき),0892-00,ウーラオス,いちげきのかた,かくとう,あく,準伝説,あく,きあいのタスキ
6,8,2,2189.849,ガチグマ,0901-00,ガチグマ,,じめん,ノーマル,一般,ゴースト,かえんだま
7,8,2,2189.849,カイリュー,0149-00,カイリュー,,ドラゴン,ひこう,一般,ノーマル,シルクのスカーフ
8,8,2,2189.849,ウーラオス(れんげき),0892-01,ウーラオス,れんげきのかた,かくとう,みず,準伝説,みず,こだわりハチマキ
9,8,2,2189.849,ジバコイル,0462-00,ジバコイル,,でんき,はがね,一般,フェアリー,とつげきチョッキ
10,8,2,2189.849,ハバタクカミ,0987-00,ハバタクカミ,,ゴースト,フェアリー,パラドックス,みず,ブーストエナジー
11,8,2,2189.849,パオジアン,1002-00,パオジアン,,あく,こおり,準伝説,でんき,きあいのタスキ
12,8,4,2178.048,カイリュー,0149-00,カイリュー,,ドラゴン,ひこう,一般,でんき,いのちのたま
13,8,4,2178.048,サーフゴー,1000-00,サーフゴー,,はがね,ゴースト,一般,ひこう,ふうせん
14,8,4,2178.048,ディンルー,1003-00,ディンルー,,あく,じめん,準伝説,フェアリー,たべのこし
15,8,4,2178.048,パオジアン,1002-00,パオジアン,,あく,こおり,準伝説,くさ,ラムのみ
16,8,4,2178.048,テツノツツミ,0991-00,テツノツツミ,,こおり,みず,パラドックス,こおり,こだわりメガネ
17,8,4,2178.048,ドヒドイデ,0748-00,ドヒドイデ,,どく,みず,一般,どく,くろいヘドロ
18,8,6,2169.165,カバルドン,0450-00,カバルドン,,じめん,,一般,はがね,たべのこし
19,8,6,2169.165,パオジアン,1002-00,パオジアン,,あく,こおり,準伝説,でんき,きあいのタスキ
20,8,6,2169.165,ウーラオス(れんげき),0892-01,ウーラオス,れんげきのかた,かくとう,みず,準伝説,みず,こだわりスカーフ
21,8,6,2169.165,ハバタクカミ,0987-00,ハバタクカミ,,ゴースト,フェアリー,パラドックス,フェアリー,こだわりメガネ
22,8,6,2169.165,カイリュー,0149-00,カイリュー,,ドラゴン,ひこう,一般,ノーマル,ゴツゴツメット
23,8,6,2169.165,サーフゴー,1000-00,サーフゴー,,はがね,ゴースト,一般,みず,おんみつマント
24,8,8,2168.382,カイリュー,0149-00,カイリュー,,ドラゴン,ひこう,一般,ノーマル,たべのこし
25,8,8,2168.382,サーフゴー,1000-00,サーフゴー,,はがね,ゴースト,一般,でんき,こだわりメガネ
26,8,8,2168.382,ウーラオス(れんげき),0892-01,ウーラオス,れんげきのかた,かくとう,みず,準伝説,ゴースト,きあいのタスキ
27,8,8,2168.382,ミミッキュ,0778-00,ミミッキュ,ばけたすがた,ゴースト,フェアリー,一般,ゴースト,いのちのたま
28,8,8,2168.382,テツノドクガ,0994-00,テツノドクガ,,ほのお,どく,パラドックス,くさ,ブーストエナジー
29,8,8,2168.382,ガブリアス,0445-00,ガブリアス,,ドラゴン,じめん,一般,フェアリー,オボンのみ
30,8,11,2162.701,コータス,0324-00,コータス,,ほのお,,一般,ひこう,だっしゅつパック
31,8,11,2162.701,ハバタクカミ,0987-00,ハバタクカミ,,ゴースト,フェアリー,パラドックス,フェアリー,こだわりメガネ
32,8,11,2162.701,ドラパルト,0887-00,ドラパルト,,ドラゴン,ゴースト,一般,ゴースト,きあいのタスキ
33,8,11,2162.701,ランドロス(れいじゅう),0645-01,ランドロス,れいじゅうフォルム,じめん,ひこう,準伝説,みず,たべのこし
34,8,11,2162.701,ウーラオス(れんげき),0892-01,ウーラオス,れんげきのかた,かくとう,みず,準伝説,みず,こだわりハチマキ
35,8,11,2162.701,トドロクツキ,1005-00,トドロクツキ,,ドラゴン,あく,パラドックス,ほのお,いのちのたま
36,8,14,2146.856,ディンルー,1003-00,ディンルー,,あく,じめん,準伝説,みず,オボンのみ
37,8,14,2146.856,カイリュー,0149-00,カイリュー,,ドラゴン,ひこう,一般,ノーマル,あつぞこブーツ
38,8,14,2146.856,サーフゴー,1000-00,サーフゴー,,はがね,ゴースト,一般,はがね,こだわりメガネ
39,8,14,2146.856,ハバタクカミ,0987-00,ハバタクカミ,,ゴースト,フェアリー,パラドックス,フェアリー,こだわりスカーフ
40,8,14,2146.856,ウーラオス(れんげき),0892-01,ウーラオス,れんげきのかた,かくとう,みず,準伝説,どく,パンチグローブ
41,8,14,2146.856,パオジアン,1002-00,パオジアン,,あく,こおり,準伝説,ゴースト,きあいのタスキ
42,8,17,2143.979,パオジアン,1002-00,パオジアン,,あく,こおり,準伝説,ゴースト,きあいのタスキ
43,8,17,2143.979,ウーラオス(れんげき),0892-01,ウーラオス,れんげきのかた,かくとう,みず,準伝説,どく,パンチグローブ
44,8,17,2143.979,ハバタクカミ,0987-00,ハバタクカミ,,ゴースト,フェアリー,パラドックス,みず,ブーストエナジー
45,8,17,2143.979,ドドゲザン,0983-00,ドドゲザン,,あく,はがね,一般,フェアリー,とつげきチョッキ
46,8,17,2143.979,ミミッキュ,0778-00,ミミッキュ,ばけたすがた,ゴースト,フェアリー,一般,くさ,いのちのたま
47,8,17,2143.979,ガチグマ,0901-00,ガチグマ,,じめん,ノーマル,一般,みず,たべのこし
48,8,18,2143.165,レジエレキ,0894-00,レジエレキ,,でんき,,準伝説,ゴースト,ひかりのねんど
49,8,18,2143.165,ウーラオス(れんげき),0892-01,ウーラオス,れんげきのかた,かくとう,みず,準伝説,どく,パンチグローブ
50,8,18,2143.165,カイリュー,0149-00,カイリュー,,ドラゴン,ひこう,一般,ノーマル,こだわりハチマキ
51,8,18,2143.165,サーフゴー,1000-00,サーフゴー,,はがね,ゴースト,一般,かくとう,おんみつマント
52,8,18,2143.165,パオジアン,1002-00,パオジアン,,あく,こおり,準伝説,くさ,きあいのタスキ
53,8,18,2143.165,ハバタクカミ,0987-00,ハバタクカミ,,ゴースト,フェアリー,パラドックス,みず,ブーストエナジー
54,8,19,2142.938,モスノウ,0873-00,モスノウ,,こおり,むし,一般,みず,あつぞこブーツ
55,8,19,2142.938,ウルガモス,0637-00,ウルガモス,,むし,ほのお,一般,こおり,きあいのタスキ
56,8,19,2142.938,パオジアン,1002-00,パオジアン,,あく,こおり,準伝説,でんき,とつげきチョッキ
57,8,19,2142.938,ケンタロス(ウォーター),0128-03,ケンタロス,パルデアのすがた・ウォーター種,かくとう,みず,一般,みず,ゴツゴツメット
58,8,19,2142.938,ドオー,0980-00,ドオー,,どく,じめん,一般,みず,たべのこし
59,8,19,2142.938,サーフゴー,1000-00,サーフゴー,,はがね,ゴースト,一般,ひこう,ふうせん
60,8,22,2135.848,カイリュー,0149-00,カイリュー,,ドラゴン,ひこう,一般,ひこう,こだわりハチマキ
61,8,22,2135.848,ハッサム,0212-00,ハッサム,,むし,はがね,一般,はがね,オボンのみ
62,8,22,2135.848,サンダー,0145-00,サンダー,,でんき,ひこう,準伝説,こおり,こだわりスカーフ
63,8,22,2135.848,ウーラオス(れんげき),0892-01,ウーラオス,れんげきのかた,かくとう,みず,準伝説,はがね,パンチグローブ
64,8,22,2135.848,ガチグマ,0901-00,ガチグマ,,じめん,ノーマル,一般,フェアリー,かえんだま
65,8,22,2135.848,ミミッキュ,0778-00,ミミッキュ,ばけたすがた,ゴースト,フェアリー,一般,みず,フィラのみ
66,8,24,2131.415,デカヌチャン,0959-00,デカヌチャン,,フェアリー,はがね,一般,みず,とつげきチョッキ
67,8,24,2131.415,ボルトロス(れいじゅう),0642-01,ボルトロス,れいじゅうフォルム,でんき,ひこう,準伝説,はがね,オボンのみ
68,8,24,2131.415,ハバタクカミ,0987-00,ハバタクカミ,,ゴースト,フェアリー,パラドックス,みず,ブーストエナジー
69,8,24,2131.415,カイリュー,0149-00,カイリュー,,ドラゴン,ひこう,一般,はがね,ラムのみ
70,8,24,2131.415,ウーラオス(れんげき),0892-01,ウーラオス,れんげきのかた,かくとう,みず,準伝説,みず,こだわりスカーフ
71,8,24,2131.415,ガチグマ,0901-00,ガチグマ,,じめん,ノーマル,一般,どく,かえんだま
72,8,26,2128.547,サザンドラ,0635-00,サザンドラ,,あく,ドラゴン,一般,はがね,こだわりメガネ
73,8,26,2128.547,ウーラオス(れんげき),0892-01,ウーラオス,れんげきのかた,かくとう,みず,準伝説,はがね,パンチグローブ
74,8,26,2128.547,ドヒドイデ,0748-00,ドヒドイデ,,どく,みず,一般,はがね,たべのこし
75,8,26,2128.547,ハバタクカミ,0987-00,ハバタクカミ,,ゴースト,フェアリー,パラドックス,ひこう,ブーストエナジー
76,8,26,2128.547,ガブリアス,0445-00,ガブリアス,,ドラゴン,じめん,一般,はがね,オボンのみ
77,8,26,2128.547,テツノカイナ,0992-00,テツノカイナ,,かくとう,でんき,パラドックス,くさ,とつげきチョッキ
78,8,28,2125.536,ウーラオス(れんげき),0892-01,ウーラオス,れんげきのかた,かくとう,みず,準伝説,みず,パンチグローブ
79,8,28,2125.536,ミミッキュ,0778-00,ミミッキュ,ばけたすがた,ゴースト,フェアリー,一般,フェアリー,おんみつマント
80,8,28,2125.536,テツノツツミ,0991-00,テツノツツミ,,こおり,みず,パラドックス,ゴースト,ブーストエナジー
81,8,28,2125.536,カイリュー,0149-00,カイリュー,,ドラゴン,ひこう,一般,どく,たべのこし
82,8,28,2125.536,パオジアン,1002-00,パオジアン,,あく,こおり,準伝説,くさ,きあいのタスキ
83,8,28,2125.536,ランドロス(れいじゅう),0645-01,ランドロス,れいじゅうフォルム,じめん,ひこう,準伝説,はがね,とつげきチョッキ
84,8,30,2121.906,カイリュー,0149-00,カイリュー,,ドラゴン,ひこう,一般,ひこう,こだわりハチマキ
85,8,30,2121.906,ハッサム,0212-00,ハッサム,,むし,はがね,一般,あく,オボンのみ
86,8,30,2121.906,ランドロス(れいじゅう),0645-01,ランドロス,れいじゅうフォルム,じめん,ひこう,準伝説,ひこう,こだわりスカーフ
87,8,30,2121.906,ウーラオス(れんげき),0892-01,ウーラオス,れんげきのかた,かくとう,みず,準伝説,はがね,パンチグローブ
88,8,30,2121.906,ハバタクカミ,0987-00,ハバタクカミ,,ゴースト,フェアリー,パラドックス,みず,とつげきチョッキ
89,8,30,2121.906,テツノツツミ,0991-00,テツノツツミ,,こおり,みず,パラドックス,みず,ラムのみ
90,8,31,2121.584,オオニューラ,0903-00,オオニューラ,,かくとう,どく,一般,かくとう,きあいのタスキ
91,8,31,2121.584,カイリュー,0149-00,カイリュー,,ドラゴン,ひこう,一般,ひこう,こだわりハチマキ
92,8,31,2121.584,ガチグマ,0901-00,ガチグマ,,じめん,ノーマル,一般,ノーマル,かえんだま
93,8,31,2121.584,ヒードラン,0485-00,ヒードラン,,ほのお,はがね,準伝説,フェアリー,とつげきチョッキ
94,8,31,2121.584,ハバタクカミ,0987-00,ハバタクカミ,,ゴースト,フェアリー,パラドックス,みず,ブーストエナジー
95,8,31,2121.584,ヘイラッシャ,0977-00,ヘイラッシャ,,みず,,一般,フェアリー,たべのこし
96,8,33,2118.665,ディンルー,1003-00,ディンルー,,あく,じめん,準伝説,どく,オボンのみ
97,8,33,2118.665,パオジアン,1002-00,パオジアン,,あく,こおり,準伝説,くさ,きあいのタスキ
98,8,33,2118.665,ランドロス(れいじゅう),0645-01,ランドロス,れいじゅうフォルム,じめん,ひこう,準伝説,ひこう,こだわりハチマキ
99,8,33,2118.665,ヘイラッシャ,0977-00,ヘイラッシャ,,みず,,一般,フェアリー,たべのこし
100,8,33,2118.665,ヌメルゴン(ヒスイ),0706-01,ヌメルゴン,ヒスイのすがた,はがね,ドラゴン,一般,フェアリー,とつげきチョッキ
101,8,33,2118.665,イーユイ,1004-00,イーユイ,,あく,ほのお,準伝説,フェアリー,こだわりスカーフ
102,8,35,2118.023,ドラパルト,0887-00,ドラパルト,,ドラゴン,ゴースト,一般,はがね,きあいのタスキ
103,8,35,2118.023,ウーラオス(れんげき),0892-01,ウーラオス,れんげきのかた,かくとう,みず,準伝説,はがね,パンチグローブ
104,8,35,2118.023,ゴリランダー,0812-00,ゴリランダー,,くさ,,一般,ほのお,グラスシード
105,8,35,2118.023,ハバタクカミ,0987-00,ハバタクカミ,,ゴースト,フェアリー,パラドックス,フェアリー,ブーストエナジー
106,8,35,2118.023,ウォッシュロトム,0479-02,ロトム,ウォッシュロトム,でんき,みず,一般,ゴースト,オボンのみ
107,8,35,2118.023,ヌメルゴン(ヒスイ),0706-01,ヌメルゴン,ヒスイのすがた,はがね,ドラゴン,一般,フェアリー,とつげきチョッキ
108,8,36,2117.898,カバルドン,0450-00,カバルドン,,じめん,,一般,はがね,たべのこし
109,8,36,2117.898,カイリュー,0149-00,カイリュー,,ドラゴン,ひこう,一般,はがね,おんみつマント
110,8,36,2117.898,サーフゴー,1000-00,サーフゴー,,はがね,ゴースト,一般,みず,ふうせん
111,8,36,2117.898,テツノツツミ,0991-00,テツノツツミ,,こおり,みず,パラドックス,はがね,ブーストエナジー
112,8,36,2117.898,ウーラオス(いちげき),0892-00,ウーラオス,いちげきのかた,かくとう,あく,準伝説,ゴースト,きあいのタスキ
113,8,36,2117.898,ドドゲザン,0983-00,ドドゲザン,,あく,はがね,一般,フェアリー,オボンのみ
114,8,38,2117.88,テツノツツミ,0991-00,テツノツツミ,,こおり,みず,パラドックス,フェアリー,こだわりメガネ
115,8,38,2117.88,ハッサム,0212-00,ハッサム,,むし,はがね,一般,みず,とつげきチョッキ
116,8,38,2117.88,ガブリアス,0445-00,ガブリアス,,ドラゴン,じめん,一般,はがね,こだわりハチマキ
117,8,38,2117.88,ハバタクカミ,0987-00,ハバタクカミ,,ゴースト,フェアリー,パラドックス,みず,ブーストエナジー
118,8,38,2117.88,サーフゴー,1000-00,サーフゴー,,はがね,ゴースト,一般,みず,こだわりスカーフ
119,8,38,2117.88,カイリュー,0149-00,カイリュー,,ドラゴン,ひこう,一般,みず,ゴツゴツメット
120,8,41,2117.383,カイリュー,0149-00,カイリュー,,ドラゴン,ひこう,一般,ノーマル,こだわりハチマキ
121,8,41,2117.383,ディンルー,1003-00,ディンルー,,あく,じめん,準伝説,フェアリー,たべのこし
122,8,41,2117.383,イーユイ,1004-00,イーユイ,,あく,ほのお,準伝説,くさ,こだわりスカーフ
123,8,41,2117.383,テツノツツミ,0991-00,テツノツツミ,,こおり,みず,パラドックス,ゴースト,ブーストエナジー
124,8,41,2117.383,ドヒドイデ,0748-00,ドヒドイデ,,どく,みず,一般,どく,くろいヘドロ
125,8,41,2117.383,ゴリランダー,0812-00,ゴリランダー,,くさ,,一般,どく,とつげきチョッキ
126,8,42,2115.968,オオニューラ,0903-00,オオニューラ,,かくとう,どく,一般,ゴースト,ふうせん
127,8,42,2115.968,パオジアン,1002-00,パオジアン,,あく,こおり,準伝説,でんき,いのちのたま
128,8,42,2115.968,セグレイブ,0998-00,セグレイブ,,ドラゴン,こおり,一般,ゴースト,きあいのタスキ
129,8,42,2115.968,カイリュー,0149-00,カイリュー,,ドラゴン,ひこう,一般,ノーマル,たべのこし
130,8,42,2115.968,テツノツツミ,0991-00,テツノツツミ,,こおり,みず,パラドックス,ゴースト,ブーストエナジー
131,8,42,2115.968,ミミッキュ,0778-00,ミミッキュ,ばけたすがた,ゴースト,フェアリー,一般,みず,おんみつマント
132,8,44,2115.21,ガブリアス,0445-00,ガブリアス,,ドラゴン,じめん,一般,はがね,とつげきチョッキ
133,8,44,2115.21,パオジアン,1002-00,パオジアン,,あく,こおり,準伝説,ゴースト,きあいのタスキ
134,8,44,2115.21,ハバタクカミ,0987-00,ハバタクカミ,,ゴースト,フェアリー,パラドックス,みず,ブーストエナジー
135,8,44,2115.21,ウォッシュロトム,0479-02,ロトム,ウォッシュロトム,でんき,みず,一般,はがね,ゴツゴツメット
136,8,44,2115.21,イーユイ,1004-00,イーユイ,,あく,ほのお,準伝説,ゴースト,こだわりメガネ
137,8,44,2115.21,ヒードラン,0485-00,ヒードラン,,ほのお,はがね,準伝説,ひこう,たべのこし
138,8,45,2114.901,ウインディ,0059-00,ウインディ,,ほのお,,一般,フェアリー,たべのこし
139,8,45,2114.901,カイリュー,0149-00,カイリュー,,ドラゴン,ひこう,一般,ノーマル,こだわりハチマキ
140,8,45,2114.901,パルシェン,0091-00,パルシェン,,みず,こおり,一般,でんき,じしゃく
141,8,45,2114.901,ギャラドス,0130-00,ギャラドス,,みず,ひこう,一般,じめん,ラムのみ
142,8,45,2114.901,ハッサム,0212-00,ハッサム,,むし,はがね,一般,はがね,とつげきチョッキ
143,8,45,2114.901,コノヨザル,0979-00,コノヨザル,,かくとう,ゴースト,一般,フェアリー,オボンのみ
144,8,46,2114.747,ディンルー,1003-00,ディンルー,,あく,じめん,準伝説,フェアリー,たべのこし
145,8,46,2114.747,カイリュー,0149-00,カイリュー,,ドラゴン,ひこう,一般,ノーマル,ものまねハーブ
146,8,46,2114.747,サーフゴー,1000-00,サーフゴー,,はがね,ゴースト,一般,ノーマル,ふうせん
147,8,46,2114.747,ウーラオス(いちげき),0892-00,ウーラオス,いちげきのかた,かくとう,あく,準伝説,どく,こだわりハチマキ
148,8,46,2114.747,ハバタクカミ,0987-00,ハバタクカミ,,ゴースト,フェアリー,パラドックス,フェアリー,こだわりスカーフ
149,8,46,2114.747,ドヒドイデ,0748-00,ドヒドイデ,,どく,みず,一般,フェアリー,ゴツゴツメット
150,8,49,2113.38,マリルリ,0184-00,マリルリ,,みず,フェアリー,一般,フェアリー,オボンのみ
151,8,49,2113.38,パオジアン,1002-00,パオジアン,,あく,こおり,準伝説,でんき,いのちのたま
152,8,49,2113.38,イーユイ,1004-00,イーユイ,,あく,ほのお,準伝説,ゴースト,こだわりメガネ
153,8,49,2113.38,カバルドン,0450-00,カバルドン,,じめん,,一般,はがね,たべのこし
154,8,49,2113.38,キノガッサ,0286-00,キノガッサ,,くさ,かくとう,一般,ゴースト,きあいのタスキ
155,8,49,2113.38,ハバタクカミ,0987-00,ハバタクカミ,,ゴースト,フェアリー,パラドックス,ノーマル,ブーストエナジー
156,8,51,2113.16,パオジアン,1002-00,パオジアン,,あく,こおり,準伝説,じめん,きあいのタスキ
157,8,51,2113.16,ウーラオス(れんげき),0892-01,ウーラオス,れんげきのかた,かくとう,みず,準伝説,はがね,パンチグローブ
158,8,51,2113.16,アーマーガア,0823-00,アーマーガア,,ひこう,はがね,一般,みず,ゴツゴツメット
159,8,51,2113.16,ランドロス(れいじゅう),0645-01,ランドロス,れいじゅうフォルム,じめん,ひこう,準伝説,ひこう,こだわりスカーフ
160,8,51,2113.16,テツノカイナ,0992-00,テツノカイナ,,かくとう,でんき,パラドックス,みず,とつげきチョッキ
161,8,51,2113.16,ハバタクカミ,0987-00,ハバタクカミ,,ゴースト,フェアリー,パラドックス,フェアリー,こだわりメガネ
162,8,52,2113.011,カバルドン,0450-00,カバルドン,,じめん,,一般,はがね,フィラのみ
163,8,52,2113.011,ウーラオス(いちげき),0892-00,ウーラオス,いちげきのかた,かくとう,あく,準伝説,あく,くろいメガネ
164,8,52,2113.011,カイリュー,0149-00,カイリュー,,ドラゴン,ひこう,一般,ノーマル,たべのこし
165,8,52,2113.011,サーフゴー,1000-00,サーフゴー,,はがね,ゴースト,一般,みず,ゴツゴツメット
166,8,52,2113.011,テツノツツミ,0991-00,テツノツツミ,,こおり,みず,パラドックス,ゴースト,ブーストエナジー
167,8,52,2113.011,オオニューラ,0903-00,オオニューラ,,かくとう,どく,一般,ゴースト,オボンのみ
168,8,53,2112.729,カイリュー,0149-00,カイリュー,,ドラゴン,ひこう,一般,はがね,あつぞこブーツ
169,8,53,2112.729,イーユイ,1004-00,イーユイ,,あく,ほのお,準伝説,ゴースト,きあいのタスキ
170,8,53,2112.729,ハバタクカミ,0987-00,ハバタクカミ,,ゴースト,フェアリー,パラドックス,フェアリー,こだわりスカーフ
171,8,53,2112.729,テツノツツミ,0991-00,テツノツツミ,,こおり,みず,パラドックス,ゴースト,ブーストエナジー
172,8,53,2112.729,ガブリアス,0445-00,ガブリアス,,ドラゴン,じめん,一般,はがね,とつげきチョッキ
173,8,53,2112.729,ミミッキュ,0778-00,ミミッキュ,ばけたすがた,ゴースト,フェアリー,一般,ゴースト,おんみつマント
174,8,54,2112.686,カイリュー,0149-00,カイリュー,,ドラゴン,ひこう,一般,フェアリー,たべのこし
175,8,54,2112.686,サーフゴー,1000-00,サーフゴー,,はがね,ゴースト,一般,みず,ゴツゴツメット
176,8,54,2112.686,ハバタクカミ,0987-00,ハバタクカミ,,ゴースト,フェアリー,パラドックス,フェアリー,こだわりメガネ
177,8,54,2112.686,ヒードラン,0485-00,ヒードラン,,ほのお,はがね,準伝説,くさ,とつげきチョッキ
178,8,54,2112.686,ウーラオス(いちげき),0892-00,ウーラオス,いちげきのかた,かくとう,あく,準伝説,あく,きあいのタスキ
179,8,54,2112.686,ランドロス(れいじゅう),0645-01,ランドロス,れいじゅうフォルム,じめん,ひこう,準伝説,フェアリー,こだわりハチマキ
180,8,56,2112.275,レジエレキ,0894-00,レジエレキ,,でんき,,準伝説,こおり,ひかりのねんど
181,8,56,2112.275,ミミッキュ,0778-00,ミミッキュ,ばけたすがた,ゴースト,フェアリー,一般,くさ,いのちのたま
182,8,56,2112.275,ハッサム,0212-00,ハッサム,,むし,はがね,一般,はがね,たべのこし
183,8,56,2112.275,ガブリアス,0445-00,ガブリアス,,ドラゴン,じめん,一般,フェアリー,こだわりハチマキ
184,8,56,2112.275,ハバタクカミ,0987-00,ハバタクカミ,,ゴースト,フェアリー,パラドックス,みず,とつげきチョッキ
185,8,56,2112.275,ガチグマ,0901-00,ガチグマ,,じめん,ノーマル,一般,ゴースト,かえんだま
186,8,58,2111.919,カイリュー,0149-00,カイリュー,,ドラゴン,ひこう,一般,ひこう,とつげきチョッキ
187,8,58,2111.919,ハッサム,0212-00,ハッサム,,むし,はがね,一般,みず,オボンのみ
188,8,58,2111.919,ハバタクカミ,0987-00,ハバタクカミ,,ゴースト,フェアリー,パラドックス,フェアリー,こだわりメガネ
189,8,58,2111.919,パオジアン,1002-00,パオジアン,,あく,こおり,準伝説,ゴースト,きあいのタスキ
190,8,58,2111.919,テツノツツミ,0991-00,テツノツツミ,,こおり,みず,パラドックス,ゴースト,ブーストエナジー
191,8,58,2111.919,クレセリア,0488-00,クレセリア,,エスパー,,準伝説,どく,おんみつマント
192,8,59,2111.338,ハバタクカミ,0987-00,ハバタクカミ,,ゴースト,フェアリー,パラドックス,ノーマル,ブーストエナジー
193,8,59,2111.338,カイリュー,0149-00,カイリュー,,ドラゴン,ひこう,一般,フェアリー,あつぞこブーツ
194,8,59,2111.338,チオンジェン,1001-00,チオンジェン,,あく,くさ,準伝説,みず,たべのこし
195,8,59,2111.338,クレセリア,0488-00,クレセリア,,エスパー,,準伝説,でんき,おんみつマント
196,8,59,2111.338,ウーラオス(いちげき),0892-00,ウーラオス,いちげきのかた,かくとう,あく,準伝説,あく,きあいのタスキ
197,8,59,2111.338,オオニューラ,0903-00,オオニューラ,,かくとう,どく,一般,ひこう,かえんだま
198,8,60,2111.302,ガチグマ,0901-00,ガチグマ,,じめん,ノーマル,一般,はがね,とつげきチョッキ
199,8,60,2111.302,ドラパルト,0887-00,ドラパルト,,ドラゴン,ゴースト,一般,フェアリー,オボンのみ
200,8,60,2111.302,イーユイ,1004-00,イーユイ,,あく,ほのお,準伝説,フェアリー,こだわりメガネ
201,8,60,2111.302,ランドロス(れいじゅう),0645-01,ランドロス,れいじゅうフォルム,じめん,ひこう,準伝説,フェアリー,こだわりスカーフ
202,8,60,2111.302,フリーザー,0144-00,フリーザー,,こおり,ひこう,準伝説,ゴースト,たべのこし
203,8,60,2111.302,ドヒドイデ,0748-00,ドヒドイデ,,どく,みず,一般,フェアリー,ゴツゴツメット
204,8,61,2111.024,パオジアン,1002-00,パオジアン,,あく,こおり,準伝説,でんき,ラムのみ
205,8,61,2111.024,カイリュー,0149-00,カイリュー,,ドラゴン,ひこう,一般,みず,ゴツゴツメット
206,8,61,2111.024,ウーラオス(れんげき),0892-01,ウーラオス,れんげきのかた,かくとう,みず,準伝説,どく,パンチグローブ
207,8,61,2111.024,ハバタクカミ,0987-00,ハバタクカミ,,ゴースト,フェアリー,パラドックス,ノーマル,きあいのタスキ
208,8,61,2111.024,ランドロス(れいじゅう),0645-01,ランドロス,れいじゅうフォルム,じめん,ひこう,準伝説,フェアリー,こだわりスカーフ
209,8,61,2111.024,ヒードラン,0485-00,ヒードラン,,ほのお,はがね,準伝説,フェアリー,とつげきチョッキ
210,8,63,2110.807,クエスパトラ,0956-00,クエスパトラ,,エスパー,,一般,ノーマル,オボンのみ
211,8,63,2110.807,クレセリア,0488-00,クレセリア,,エスパー,,準伝説,フェアリー,おんみつマント
212,8,63,2110.807,テツノブジン,1006-00,テツノブジン,,フェアリー,かくとう,パラドックス,ゴースト,きあいのタスキ
213,8,63,2110.807,ヘイラッシャ,0977-00,ヘイラッシャ,,みず,,一般,くさ,たべのこし
214,8,63,2110.807,ラブトロス(れいじゅう),0905-01,ラブトロス,れいじゅうフォルム,フェアリー,ひこう,準伝説,フェアリー,ゴツゴツメット
215,8,63,2110.807,パオジアン,1002-00,パオジアン,,あく,こおり,準伝説,でんき,ラムのみ
216,8,65,2110.497,ディンルー,1003-00,ディンルー,,あく,じめん,準伝説,どく,オボンのみ
217,8,65,2110.497,パオジアン,1002-00,パオジアン,,あく,こおり,準伝説,どく,くろいメガネ
218,8,65,2110.497,カイリュー,0149-00,カイリュー,,ドラゴン,ひこう,一般,みず,たべのこし
219,8,65,2110.497,サーフゴー,1000-00,サーフゴー,,はがね,ゴースト,一般,みず,おんみつマント
220,8,65,2110.497,ハバタクカミ,0987-00,ハバタクカミ,,ゴースト,フェアリー,パラドックス,フェアリー,こだわりスカーフ
221,8,65,2110.497,テツノドクガ,0994-00,テツノドクガ,,ほのお,どく,パラドックス,フェアリー,ゴツゴツメット
222,8,66,2110.302,サーフゴー,1000-00,サーフゴー,,はがね,ゴースト,一般,はがね,こだわりメガネ
223,8,66,2110.302,パオジアン,1002-00,パオジアン,,あく,こおり,準伝説,くさ,とつげきチョッキ
224,8,66,2110.302,キョジオーン,0934-00,キョジオーン,,いわ,,一般,みず,たべのこし
225,8,66,2110.302,ウルガモス,0637-00,ウルガモス,,むし,ほのお,一般,フェアリー,オボンのみ
226,8,66,2110.302,カイリュー,0149-00,カイリュー,,ドラゴン,ひこう,一般,ひこう,こだわりハチマキ
227,8,66,2110.302,ウーラオス(れんげき),0892-01,ウーラオス,れんげきのかた,かくとう,みず,準伝説,ゴースト,きあいのタスキ
228,8,69,2109.449,オオニューラ,0903-00,オオニューラ,,かくとう,どく,一般,みず,オボンのみ
229,8,69,2109.449,オーロンゲ,0861-00,オーロンゲ,,あく,フェアリー,一般,ゴースト,ひかりのねんど
230,8,69,2109.449,ウーラオス(れんげき),0892-01,ウーラオス,れんげきのかた,かくとう,みず,準伝説,みず,パンチグローブ
231,8,69,2109.449,サーフゴー,1000-00,サーフゴー,,はがね,ゴースト,一般,あく,たべのこし
232,8,69,2109.449,テツノツツミ,0991-00,テツノツツミ,,こおり,みず,パラドックス,みず,ブーストエナジー
233,8,69,2109.449,カイリュー,0149-00,カイリュー,,ドラゴン,ひこう,一般,ノーマル,こだわりハチマキ
234,8,70,2109.355,ハバタクカミ,0987-00,ハバタクカミ,,ゴースト,フェアリー,パラドックス,みず,ブーストエナジー
235,8,70,2109.355,パオジアン,1002-00,パオジアン,,あく,こおり,準伝説,ゴースト,きあいのタスキ
236,8,70,2109.355,カイリュー,0149-00,カイリュー,,ドラゴン,ひこう,一般,ひこう,ゴツゴツメット
237,8,70,2109.355,サーフゴー,1000-00,サーフゴー,,はがね,ゴースト,一般,みず,おんみつマント
238,8,70,2109.355,ウォッシュロトム,0479-02,ロトム,ウォッシュロトム,でんき,みず,一般,ゴースト,こだわりスカーフ
239,8,70,2109.355,ドオー,0980-00,ドオー,,どく,じめん,一般,みず,たべのこし
240,8,71,2109.126,サンダー,0145-00,サンダー,,でんき,ひこう,準伝説,フェアリー,こだわりスカーフ
241,8,71,2109.126,ウーラオス(れんげき),0892-01,ウーラオス,れんげきのかた,かくとう,みず,準伝説,みず,こだわりハチマキ
242,8,71,2109.126,ハバタクカミ,0987-00,ハバタクカミ,,ゴースト,フェアリー,パラドックス,フェアリー,こだわりメガネ
243,8,71,2109.126,ランドロス(れいじゅう),0645-01,ランドロス,れいじゅうフォルム,じめん,ひこう,準伝説,でんき,とつげきチョッキ
244,8,71,2109.126,ヒードラン,0485-00,ヒードラン,,ほのお,はがね,準伝説,フェアリー,オボンのみ
245,8,71,2109.126,チオンジェン,1001-00,チオンジェン,,あく,くさ,準伝説,どく,たべのこし
246,8,73,2108.812,ヤミラミ,0302-00,ヤミラミ,,あく,ゴースト,一般,あく,きあいのタスキ
247,8,73,2108.812,コノヨザル,0979-00,コノヨザル,,かくとう,ゴースト,一般,どく,とつげきチョッキ
248,8,73,2108.812,ハバタクカミ,0987-00,ハバタクカミ,,ゴースト,フェアリー,パラドックス,じめん,ブーストエナジー
249,8,73,2108.812,ミミッキュ,0778-00,ミミッキュ,ばけたすがた,ゴースト,フェアリー,一般,フェアリー,せいれいプレート
250,8,73,2108.812,サーフゴー,1000-00,サーフゴー,,はがね,ゴースト,一般,かくとう,おんみつマント
251,8,73,2108.812,イダイトウ(オス),0902-00,イダイトウ,オスのすがた,みず,ゴースト,一般,フェアリー,ラムのみ
252,8,74,2108.19,ディンルー,1003-00,ディンルー,,あく,じめん,準伝説,フェアリー,たべのこし
253,8,74,2108.19,ハバタクカミ,0987-00,ハバタクカミ,,ゴースト,フェアリー,パラドックス,みず,こだわりメガネ
254,8,74,2108.19,ヌメルゴン(ヒスイ),0706-01,ヌメルゴン,ヒスイのすがた,はがね,ドラゴン,一般,フェアリー,とつげきチョッキ
255,8,74,2108.19,ドヒドイデ,0748-00,ドヒドイデ,,どく,みず,一般,フェアリー,ゴツゴツメット
256,8,74,2108.19,ウーラオス(れんげき),0892-01,ウーラオス,れんげきのかた,かくとう,みず,準伝説,みず,こだわりスカーフ
257,8,74,2108.19,カイリュー,0149-00,カイリュー,,ドラゴン,ひこう,一般,ひこう,ひかりのこな
258,8,75,2107.567,カイリュー,0149-00,カイリュー,,ドラゴン,ひこう,一般,ノーマル,たべのこし
259,8,75,2107.567,ミミッキュ,0778-00,ミミッキュ,ばけたすがた,ゴースト,フェアリー,一般,ゴースト,いのちのたま
260,8,75,2107.567,テツノツツミ,0991-00,テツノツツミ,,こおり,みず,パラドックス,ゴースト,ブーストエナジー
261,8,75,2107.567,オオニューラ,0903-00,オオニューラ,,かくとう,どく,一般,かくとう,きあいのタスキ
262,8,75,2107.567,イーユイ,1004-00,イーユイ,,あく,ほのお,準伝説,ゴースト,こだわりスカーフ
263,8,75,2107.567,ガチグマ,0901-00,ガチグマ,,じめん,ノーマル,一般,ゴースト,かえんだま
264,8,79,2106.912,ウォッシュロトム,0479-02,ロトム,ウォッシュロトム,でんき,みず,一般,ゴースト,こだわりスカーフ
265,8,79,2106.912,ハバタクカミ,0987-00,ハバタクカミ,,ゴースト,フェアリー,パラドックス,じめん,とつげきチョッキ
266,8,79,2106.912,リククラゲ,0949-00,リククラゲ,,じめん,くさ,一般,どく,おんみつマント
267,8,79,2106.912,ドヒドイデ,0748-00,ドヒドイデ,,どく,みず,一般,フェアリー,オボンのみ
268,8,79,2106.912,サーフゴー,1000-00,サーフゴー,,はがね,ゴースト,一般,みず,ふうせん
269,8,79,2106.912,ディンルー,1003-00,ディンルー,,あく,じめん,準伝説,フェアリー,たべのこし
270,8,80,2106.824,ポットデス,0855-00,ポットデス,がんさくフォルム,ゴースト,,一般,みず,しろいハーブ
271,8,80,2106.824,イッカネズミ,0925-00,イッカネズミ,３びきかぞく,ノーマル,,一般,どく,こうかくレンズ
272,8,80,2106.824,レジエレキ,0894-00,レジエレキ,,でんき,,準伝説,ノーマル,ひかりのねんど
273,8,80,2106.824,ハバタクカミ,0987-00,ハバタクカミ,,ゴースト,フェアリー,パラドックス,ノーマル,きあいのタスキ
274,8,80,2106.824,ディンルー,1003-00,ディンルー,,あく,じめん,準伝説,はがね,オボンのみ
275,8,80,2106.824,テツノカイナ,0992-00,テツノカイナ,,かくとう,でんき,パラドックス,くさ,パンチグローブ
276,8,81,2106.748,パオジアン,1002-00,パオジアン,,あく,こおり,準伝説,フェアリー,こだわりスカーフ
277,8,81,2106.748,サーフゴー,1000-00,サーフゴー,,はがね,ゴースト,一般,かくとう,おんみつマント
278,8,81,2106.748,ハバタクカミ,0987-00,ハバタクカミ,,ゴースト,フェアリー,パラドックス,フェアリー,こだわりメガネ
279,8,81,2106.748,ランドロス(れいじゅう),0645-01,ランドロス,れいじゅうフォルム,じめん,ひこう,準伝説,はがね,こだわりハチマキ
280,8,81,2106.748,ヌメルゴン(ヒスイ),0706-01,ヌメルゴン,ヒスイのすがた,はがね,ドラゴン,一般,ひこう,とつげきチョッキ
281,8,81,2106.748,ヘイラッシャ,0977-00,ヘイラッシャ,,みず,,一般,フェアリー,たべのこし
282,8,83,2106.536,ヘイラッシャ,0977-00,ヘイラッシャ,,みず,,一般,はがね,たべのこし
283,8,83,2106.536,ガチグマ,0901-00,ガチグマ,,じめん,ノーマル,一般,ほのお,かえんだま
284,8,83,2106.536,イーユイ,1004-00,イーユイ,,あく,ほのお,準伝説,ゴースト,こだわりスカーフ
285,8,83,2106.536,キノガッサ,0286-00,キノガッサ,,くさ,かくとう,一般,ゴースト,きあいのタスキ
286,8,83,2106.536,ハバタクカミ,0987-00,ハバタクカミ,,ゴースト,フェアリー,パラドックス,はがね,ブーストエナジー
287,8,83,2106.536,カイリュー,0149-00,カイリュー,,ドラゴン,ひこう,一般,ひこう,するどいくちばし
288,8,84,2106.5,ディンルー,1003-00,ディンルー,,あく,じめん,準伝説,どく,オボンのみ
289,8,84,2106.5,パオジアン,1002-00,パオジアン,,あく,こおり,準伝説,でんき,とつげきチョッキ
290,8,84,2106.5,イーユイ,1004-00,イーユイ,,あく,ほのお,準伝説,ゴースト,こだわりメガネ
291,8,84,2106.5,サーフゴー,1000-00,サーフゴー,,はがね,ゴースト,一般,みず,おんみつマント
292,8,84,2106.5,ミミッキュ,0778-00,ミミッキュ,ばけたすがた,ゴースト,フェアリー,一般,かくとう,いのちのたま
293,8,84,2106.5,ウォッシュロトム,0479-02,ロトム,ウォッシュロトム,でんき,みず,一般,ゴースト,ゴツゴツメット
294,8,86,2106.376,クエスパトラ,0956-00,クエスパトラ,,エスパー,,一般,みず,たべのこし
295,8,86,2106.376,ハバタクカミ,0987-00,ハバタクカミ,,ゴースト,フェアリー,パラドックス,みず,ブーストエナジー
296,8,86,2106.376,ヒードラン,0485-00,ヒードラン,,ほのお,はがね,準伝説,くさ,ふうせん
297,8,86,2106.376,ドオー,0980-00,ドオー,,どく,じめん,一般,みず,メンタルハーブ
298,8,86,2106.376,ウーラオス(れんげき),0892-01,ウーラオス,れんげきのかた,かくとう,みず,準伝説,みず,パンチグローブ
299,8,86,2106.376,カイリュー,0149-00,カイリュー,,ドラゴン,ひこう,一般,ノーマル,ラムのみ
300,8,87,2105.923,ガブリアス,0445-00,ガブリアス,,ドラゴン,じめん,一般,フェアリー,こだわりハチマキ
301,8,87,2105.923,カイリュー,0149-00,カイリュー,,ドラゴン,ひこう,一般,ひこう,するどいくちばし
302,8,87,2105.923,サーフゴー,1000-00,サーフゴー,,はがね,ゴースト,一般,はがね,こだわりスカーフ
303,8,87,2105.923,パオジアン,1002-00,パオジアン,,あく,こおり,準伝説,あく,きあいのタスキ
304,8,87,2105.923,ハバタクカミ,0987-00,ハバタクカミ,,ゴースト,フェアリー,パラドックス,みず,ブーストエナジー
305,8,87,2105.923,ヘイラッシャ,0977-00,ヘイラッシャ,,みず,,一般,はがね,たべのこし
306,8,88,2105.92,ミミッキュ,0778-00,ミミッキュ,ばけたすがた,ゴースト,フェアリー,一般,フェアリー,いのちのたま
307,8,88,2105.92,サーフゴー,1000-00,サーフゴー,,はがね,ゴースト,一般,はがね,こだわりスカーフ
308,8,88,2105.92,カイリュー,0149-00,カイリュー,,ドラゴン,ひこう,一般,ひこう,こだわりハチマキ
309,8,88,2105.92,テツノツツミ,0991-00,テツノツツミ,,こおり,みず,パラドックス,ゴースト,ブーストエナジー
310,8,88,2105.92,ウーラオス(れんげき),0892-01,ウーラオス,れんげきのかた,かくとう,みず,準伝説,みず,きあいのタスキ
311,8,88,2105.92,サンダー,0145-00,サンダー,,でんき,ひこう,準伝説,みず,ゴツゴツメット
312,8,90,2105.364,ディンルー,1003-00,ディンルー,,あく,じめん,準伝説,フェアリー,たべのこし
313,8,90,2105.364,カイリュー,0149-00,カイリュー,,ドラゴン,ひこう,一般,ほのお,おんみつマント
314,8,90,2105.364,ハバタクカミ,0987-00,ハバタクカミ,,ゴースト,フェアリー,パラドックス,フェアリー,こだわりスカーフ
315,8,90,2105.364,サーフゴー,1000-00,サーフゴー,,はがね,ゴースト,一般,かくとう,ふうせん
316,8,90,2105.364,パオジアン,1002-00,パオジアン,,あく,こおり,準伝説,でんき,こだわりハチマキ
317,8,90,2105.364,ドヒドイデ,0748-00,ドヒドイデ,,どく,みず,一般,フェアリー,レッドカード
318,8,92,2104.577,サーフゴー,1000-00,サーフゴー,,はがね,ゴースト,一般,みず,ゴツゴツメット
319,8,92,2104.577,カイリュー,0149-00,カイリュー,,ドラゴン,ひこう,一般,ひこう,こだわりハチマキ
320,8,92,2104.577,ディンルー,1003-00,ディンルー,,あく,じめん,準伝説,フェアリー,オボンのみ
321,8,92,2104.577,ウーラオス(れんげき),0892-01,ウーラオス,れんげきのかた,かくとう,みず,準伝説,どく,パンチグローブ
322,8,92,2104.577,ハバタクカミ,0987-00,ハバタクカミ,,ゴースト,フェアリー,パラドックス,みず,ブーストエナジー
323,8,92,2104.577,ミミッキュ,0778-00,ミミッキュ,ばけたすがた,ゴースト,フェアリー,一般,フェアリー,でんきだま
324,8,93,2104.29,カバルドン,0450-00,カバルドン,,じめん,,一般,はがね,たべのこし
325,8,93,2104.29,カイリュー,0149-00,カイリュー,,ドラゴン,ひこう,一般,ノーマル,こだわりハチマキ
326,8,93,2104.29,サーフゴー,1000-00,サーフゴー,,はがね,ゴースト,一般,かくとう,とつげきチョッキ
327,8,93,2104.29,キノガッサ,0286-00,キノガッサ,,くさ,かくとう,一般,ゴースト,きあいのタスキ
328,8,93,2104.29,マリルリ,0184-00,マリルリ,,みず,フェアリー,一般,フェアリー,オボンのみ
329,8,93,2104.29,イーユイ,1004-00,イーユイ,,あく,ほのお,準伝説,ゴースト,こだわりスカーフ
330,8,94,2104.214,ウーラオス(いちげき),0892-00,ウーラオス,いちげきのかた,かくとう,あく,準伝説,あく,きあいのタスキ
331,8,94,2104.214,カイリュー,0149-00,カイリュー,,ドラゴン,ひこう,一般,ひこう,こだわりハチマキ
332,8,94,2104.214,クレセリア,0488-00,クレセリア,,エスパー,,準伝説,どく,たべのこし
333,8,94,2104.214,テツノツツミ,0991-00,テツノツツミ,,こおり,みず,パラドックス,ゴースト,ブーストエナジー
334,8,94,2104.214,ガブリアス,0445-00,ガブリアス,,ドラゴン,じめん,一般,はがね,とつげきチョッキ
335,8,94,2104.214,ミミッキュ,0778-00,ミミッキュ,ばけたすがた,ゴースト,フェアリー,一般,ゴースト,でんきだま
336,8,96,2104.056,テツノツツミ,0991-00,テツノツツミ,,こおり,みず,パラドックス,みず,こだわりメガネ
337,8,96,2104.056,ドヒドイデ,0748-00,ドヒドイデ,,どく,みず,一般,どく,くろいヘドロ
338,8,96,2104.056,ディンルー,1003-00,ディンルー,,あく,じめん,準伝説,フェアリー,たべのこし
339,8,96,2104.056,カイリュー,0149-00,カイリュー,,ドラゴン,ひこう,一般,ノーマル,あつぞこブーツ
340,8,96,2104.056,イーユイ,1004-00,イーユイ,,あく,ほのお,準伝説,くさ,こだわりスカーフ
341,8,96,2104.056,セグレイブ,0998-00,セグレイブ,,ドラゴン,こおり,一般,じめん,とつげきチョッキ
342,8,100,2103.24,ファイヤー(ガラル),0146-01,ファイヤー,ガラルのすがた,あく,ひこう,準伝説,フェアリー,こだわりスカーフ
343,8,100,2103.24,ハバタクカミ,0987-00,ハバタクカミ,,ゴースト,フェアリー,パラドックス,でんき,ブーストエナジー
344,8,100,2103.24,カイリュー,0149-00,カイリュー,,ドラゴン,ひこう,一般,ひこう,ラムのみ
345,8,100,2103.24,ウーラオス(れんげき),0892-01,ウーラオス,れんげきのかた,かくとう,みず,準伝説,みず,パンチグローブ
346,8,100,2103.24,ガブリアス,0445-00,ガブリアス,,ドラゴン,じめん,一般,でんき,いのちのたま
347,8,100,2103.24,ミミッキュ,0778-00,ミミッキュ,ばけたすがた,ゴースト,フェアリー,一般,フェアリー,おんみつマント
348,8,102,2102.817,ゴリランダー,0812-00,ゴリランダー,,くさ,,一般,ほのお,オボンのみ
349,8,102,2102.817,オオニューラ,0903-00,オオニューラ,,かくとう,どく,一般,ひこう,レッドカード
350,8,102,2102.817,カイリュー,0149-00,カイリュー,,ドラゴン,ひこう,一般,はがね,ゴツゴツメット
351,8,102,2102.817,イーユイ,1004-00,イーユイ,,あく,ほのお,準伝説,ゴースト,とつげきチョッキ
352,8,102,2102.817,パオジアン,1002-00,パオジアン,,あく,こおり,準伝説,ゴースト,こだわりスカーフ
353,8,102,2102.817,キョジオーン,0934-00,キョジオーン,,いわ,,一般,どく,たべのこし
354,8,104,2099.018,クレベース,0713-00,クレベース,,こおり,,一般,フェアリー,あつぞこブーツ
355,8,104,2099.018,ヘイラッシャ,0977-00,ヘイラッシャ,,みず,,一般,フェアリー,たべのこし
356,8,104,2099.018,ドオー,0980-00,ドオー,,どく,じめん,一般,でんき,おんみつマント
357,8,104,2099.018,ラッキー,0113-00,ラッキー,,ノーマル,,一般,あく,しんかのきせき
358,8,104,2099.018,キノガッサ,0286-00,キノガッサ,,くさ,かくとう,一般,ノーマル,どくどくだま
359,8,104,2099.018,アーマーガア,0823-00,アーマーガア,,ひこう,はがね,一般,ゴースト,ゴツゴツメット
360,8,106,2095.633,カバルドン,0450-00,カバルドン,,じめん,,一般,はがね,オボンのみ
361,8,106,2095.633,カイリュー,0149-00,カイリュー,,ドラゴン,ひこう,一般,ノーマル,たべのこし
362,8,106,2095.633,ハバタクカミ,0987-00,ハバタクカミ,,ゴースト,フェアリー,パラドックス,くさ,きあいのタスキ
363,8,106,2095.633,テツノツツミ,0991-00,テツノツツミ,,こおり,みず,パラドックス,みず,ブーストエナジー
364,8,106,2095.633,パオジアン,1002-00,パオジアン,,あく,こおり,準伝説,フェアリー,こだわりスカーフ
365,8,106,2095.633,サーフゴー,1000-00,サーフゴー,,はがね,ゴースト,一般,はがね,こだわりメガネ
366,8,121,2077.141,ハバタクカミ,0987-00,ハバタクカミ,,ゴースト,フェアリー,パラドックス,みず,ブーストエナジー
367,8,121,2077.141,イーユイ,1004-00,イーユイ,,あく,ほのお,準伝説,ゴースト,とつげきチョッキ
368,8,121,2077.141,テツノカイナ,0992-00,テツノカイナ,,かくとう,でんき,パラドックス,じめん,オボンのみ
369,8,121,2077.141,モロバレル,0591-00,モロバレル,,くさ,どく,一般,みず,だっしゅつパック
370,8,121,2077.141,ヘイラッシャ,0977-00,ヘイラッシャ,,みず,,一般,フェアリー,たべのこし
371,8,121,2077.141,ランドロス(れいじゅう),0645-01,ランドロス,れいじゅうフォルム,じめん,ひこう,準伝説,フェアリー,こだわりハチマキ
372,8,123,2076.144,カイリュー,0149-00,カイリュー,,ドラゴン,ひこう,一般,ひこう,ゴツゴツメット
373,8,123,2076.144,ミミッキュ,0778-00,ミミッキュ,ばけたすがた,ゴースト,フェアリー,一般,ノーマル,レッドカード
374,8,123,2076.144,ハバタクカミ,0987-00,ハバタクカミ,,ゴースト,フェアリー,パラドックス,フェアリー,こだわりメガネ
375,8,123,2076.144,サーフゴー,1000-00,サーフゴー,,はがね,ゴースト,一般,みず,おんみつマント
376,8,123,2076.144,ウーラオス(れんげき),0892-01,ウーラオス,れんげきのかた,かくとう,みず,準伝説,みず,こだわりスカーフ
377,8,123,2076.144,パオジアン,1002-00,パオジアン,,あく,こおり,準伝説,でんき,いのちのたま
378,8,124,2075.76,ヒードラン,0485-00,ヒードラン,,ほのお,はがね,準伝説,フェアリー,オボンのみ
379,8,124,2075.76,ハバタクカミ,0987-00,ハバタクカミ,,ゴースト,フェアリー,パラドックス,みず,ブーストエナジー
380,8,124,2075.76,ディンルー,1003-00,ディンルー,,あく,じめん,準伝説,フェアリー,とつげきチョッキ
381,8,124,2075.76,カイリュー,0149-00,カイリュー,,ドラゴン,ひこう,一般,みず,たべのこし
382,8,124,2075.76,ウーラオス(れんげき),0892-01,ウーラオス,れんげきのかた,かくとう,みず,準伝説,どく,パンチグローブ
383,8,124,2075.76,ゴリランダー,0812-00,ゴリランダー,,くさ,,一般,こおり,きあいのタスキ
384,8,126,2072.855,クエスパトラ,0956-00,クエスパトラ,,エスパー,,一般,フェアリー,オボンのみ
385,8,126,2072.855,ハバタクカミ,0987-00,ハバタクカミ,,ゴースト,フェアリー,パラドックス,みず,ブーストエナジー
386,8,126,2072.855,イダイトウ(オス),0902-00,イダイトウ,オスのすがた,みず,ゴースト,一般,みず,きあいのタスキ
387,8,126,2072.855,ランドロス(れいじゅう),0645-01,ランドロス,れいじゅうフォルム,じめん,ひこう,準伝説,みず,とつげきチョッキ
388,8,126,2072.855,ヌメルゴン(ヒスイ),0706-01,ヌメルゴン,ヒスイのすがた,はがね,ドラゴン,一般,フェアリー,たべのこし
389,8,126,2072.855,パオジアン,1002-00,パオジアン,,あく,こおり,準伝説,ひこう,ゴツゴツメット
390,8,127,2072.242,ハッサム,0212-00,ハッサム,,むし,はがね,一般,みず,オボンのみ
391,8,127,2072.242,カイリュー,0149-00,カイリュー,,ドラゴン,ひこう,一般,ひこう,するどいくちばし
392,8,127,2072.242,コノヨザル,0979-00,コノヨザル,,かくとう,ゴースト,一般,ほのお,きあいのタスキ
393,8,127,2072.242,ウーラオス(れんげき),0892-01,ウーラオス,れんげきのかた,かくとう,みず,準伝説,どく,くろいメガネ
394,8,127,2072.242,テツノカイナ,0992-00,テツノカイナ,,かくとう,でんき,パラドックス,みず,とつげきチョッキ
395,8,127,2072.242,ガチグマ,0901-00,ガチグマ,,じめん,ノーマル,一般,みず,たべのこし
396,8,133,2067.639,ハバタクカミ,0987-00,ハバタクカミ,,ゴースト,フェアリー,パラドックス,みず,ブーストエナジー
397,8,133,2067.639,ランドロス(れいじゅう),0645-01,ランドロス,れいじゅうフォルム,じめん,ひこう,準伝説,ひこう,こだわりスカーフ
398,8,133,2067.639,ウーラオス(れんげき),0892-01,ウーラオス,れんげきのかた,かくとう,みず,準伝説,みず,パンチグローブ
399,8,133,2067.639,ヌメルゴン(ヒスイ),0706-01,ヌメルゴン,ヒスイのすがた,はがね,ドラゴン,一般,フェアリー,とつげきチョッキ
400,8,133,2067.639,チオンジェン,1001-00,チオンジェン,,あく,くさ,準伝説,フェアリー,たべのこし
401,8,133,2067.639,ヒードラン,0485-00,ヒードラン,,ほのお,はがね,準伝説,くさ,オボンのみ
402,8,135,2065.851,ミミッキュ,0778-00,ミミッキュ,ばけたすがた,ゴースト,フェアリー,一般,ひこう,ラムのみ
403,8,135,2065.851,カイリュー,0149-00,カイリュー,,ドラゴン,ひこう,一般,でんき,パンチグローブ
404,8,135,2065.851,パオジアン,1002-00,パオジアン,,あく,こおり,準伝説,でんき,きあいのタスキ
405,8,135,2065.851,ガチグマ,0901-00,ガチグマ,,じめん,ノーマル,一般,くさ,かえんだま
406,8,135,2065.851,テツノブジン,1006-00,テツノブジン,,フェアリー,かくとう,パラドックス,はがね,ブーストエナジー
407,8,135,2065.851,イダイトウ(オス),0902-00,イダイトウ,オスのすがた,みず,ゴースト,一般,みず,こだわりハチマキ
408,8,138,2062.688,パオジアン,1002-00,パオジアン,,あく,こおり,準伝説,くさ,きあいのタスキ
409,8,138,2062.688,ハバタクカミ,0987-00,ハバタクカミ,,ゴースト,フェアリー,パラドックス,フェアリー,いのちのたま
410,8,138,2062.688,カイリュー,0149-00,カイリュー,,ドラゴン,ひこう,一般,ノーマル,クリアチャーム
411,8,138,2062.688,テツノカイナ,0992-00,テツノカイナ,,かくとう,でんき,パラドックス,はがね,オボンのみ
412,8,138,2062.688,ランドロス(れいじゅう),0645-01,ランドロス,れいじゅうフォルム,じめん,ひこう,準伝説,ひこう,こだわりハチマキ
413,8,138,2062.688,ヒードラン,0485-00,ヒードラン,,ほのお,はがね,準伝説,フェアリー,たべのこし
414,8,141,2061.805,ウーラオス(れんげき),0892-01,ウーラオス,れんげきのかた,かくとう,みず,準伝説,みず,パンチグローブ
415,8,141,2061.805,ハッサム,0212-00,ハッサム,,むし,はがね,一般,でんき,とつげきチョッキ
416,8,141,2061.805,テツノツツミ,0991-00,テツノツツミ,,こおり,みず,パラドックス,はがね,ブーストエナジー
417,8,141,2061.805,ハバタクカミ,0987-00,ハバタクカミ,,ゴースト,フェアリー,パラドックス,じめん,きあいのタスキ
418,8,141,2061.805,ガチグマ,0901-00,ガチグマ,,じめん,ノーマル,一般,くさ,かえんだま
419,8,141,2061.805,サーフゴー,1000-00,サーフゴー,,はがね,ゴースト,一般,ひこう,おんみつマント
420,8,143,2060.684,ディンルー,1003-00,ディンルー,,あく,じめん,準伝説,どく,オボンのみ
421,8,143,2060.684,ドヒドイデ,0748-00,ドヒドイデ,,どく,みず,一般,くさ,くろいヘドロ
422,8,143,2060.684,カイリュー,0149-00,カイリュー,,ドラゴン,ひこう,一般,はがね,おんみつマント
423,8,143,2060.684,ハバタクカミ,0987-00,ハバタクカミ,,ゴースト,フェアリー,パラドックス,じめん,ブーストエナジー
424,8,143,2060.684,キノガッサ,0286-00,キノガッサ,,くさ,かくとう,一般,ゴースト,きあいのタスキ
425,8,143,2060.684,イーユイ,1004-00,イーユイ,,あく,ほのお,準伝説,ゴースト,こだわりメガネ
426,8,144,2060.64,パオジアン,1002-00,パオジアン,,あく,こおり,準伝説,でんき,ラムのみ
427,8,144,2060.64,ヘイラッシャ,0977-00,ヘイラッシャ,,みず,,一般,どく,たべのこし
428,8,144,2060.64,ディンルー,1003-00,ディンルー,,あく,じめん,準伝説,どく,オボンのみ
429,8,144,2060.64,ウルガモス,0637-00,ウルガモス,,むし,ほのお,一般,くさ,こだわりスカーフ
430,8,144,2060.64,ハバタクカミ,0987-00,ハバタクカミ,,ゴースト,フェアリー,パラドックス,みず,ブーストエナジー
431,8,144,2060.64,キノガッサ,0286-00,キノガッサ,,くさ,かくとう,一般,ほのお,どくどくだま
432,8,145,2059.737,カイリュー,0149-00,カイリュー,,ドラゴン,ひこう,一般,ノーマル,たべのこし
433,8,145,2059.737,ハバタクカミ,0987-00,ハバタクカミ,,ゴースト,フェアリー,パラドックス,みず,ブーストエナジー
434,8,145,2059.737,ヌメルゴン(ヒスイ),0706-01,ヌメルゴン,ヒスイのすがた,はがね,ドラゴン,一般,フェアリー,とつげきチョッキ
435,8,145,2059.737,ディンルー,1003-00,ディンルー,,あく,じめん,準伝説,フェアリー,オボンのみ
436,8,145,2059.737,ウーラオス(れんげき),0892-01,ウーラオス,れんげきのかた,かくとう,みず,準伝説,どく,パンチグローブ
437,8,145,2059.737,ミミッキュ,0778-00,ミミッキュ,ばけたすがた,ゴースト,フェアリー,一般,フェアリー,いのちのたま
438,8,152,2055.677,セグレイブ,0998-00,セグレイブ,,ドラゴン,こおり,一般,でんき,とつげきチョッキ
439,8,152,2055.677,ハッサム,0212-00,ハッサム,,むし,はがね,一般,みず,ゴツゴツメット
440,8,152,2055.677,パオジアン,1002-00,パオジアン,,あく,こおり,準伝説,でんき,ラムのみ
441,8,152,2055.677,ウォッシュロトム,0479-02,ロトム,ウォッシュロトム,でんき,みず,一般,はがね,オボンのみ
442,8,152,2055.677,ディンルー,1003-00,ディンルー,,あく,じめん,準伝説,みず,たべのこし
443,8,152,2055.677,ハバタクカミ,0987-00,ハバタクカミ,,ゴースト,フェアリー,パラドックス,フェアリー,こだわりメガネ
444,8,157,2050.946,カバルドン,0450-00,カバルドン,,じめん,,一般,みず,たべのこし
445,8,157,2050.946,カイリュー,0149-00,カイリュー,,ドラゴン,ひこう,一般,みず,おんみつマント
446,8,157,2050.946,サーフゴー,1000-00,サーフゴー,,はがね,ゴースト,一般,みず,こだわりメガネ
447,8,157,2050.946,ウーラオス(いちげき),0892-00,ウーラオス,いちげきのかた,かくとう,あく,準伝説,ゴースト,きあいのタスキ
448,8,157,2050.946,ドドゲザン,0983-00,ドドゲザン,,あく,はがね,一般,フェアリー,オボンのみ
449,8,157,2050.946,テツノツツミ,0991-00,テツノツツミ,,こおり,みず,パラドックス,ゴースト,ブーストエナジー
450,8,158,2050.48,ペリッパー,0279-00,ペリッパー,,みず,ひこう,一般,はがね,しめったいわ
451,8,158,2050.48,イダイトウ(オス),0902-00,イダイトウ,オスのすがた,みず,ゴースト,一般,みず,いのちのたま
452,8,158,2050.48,コノヨザル,0979-00,コノヨザル,,かくとう,ゴースト,一般,はがね,きあいのタスキ
453,8,158,2050.48,ボルトロス(れいじゅう),0642-01,ボルトロス,れいじゅうフォルム,でんき,ひこう,準伝説,ひこう,こだわりメガネ
454,8,158,2050.48,ミミッキュ,0778-00,ミミッキュ,ばけたすがた,ゴースト,フェアリー,一般,みず,せいれいプレート
455,8,158,2050.48,ガチグマ,0901-00,ガチグマ,,じめん,ノーマル,一般,ノーマル,かえんだま
456,8,162,2049.968,カイリュー,0149-00,カイリュー,,ドラゴン,ひこう,一般,ひこう,するどいくちばし
457,8,162,2049.968,ハバタクカミ,0987-00,ハバタクカミ,,ゴースト,フェアリー,パラドックス,ノーマル,ブーストエナジー
458,8,162,2049.968,ウーラオス(いちげき),0892-00,ウーラオス,いちげきのかた,かくとう,あく,準伝説,あく,きあいのタスキ
459,8,162,2049.968,ヒードラン,0485-00,ヒードラン,,ほのお,はがね,準伝説,フェアリー,ゴツゴツメット
460,8,162,2049.968,ヘイラッシャ,0977-00,ヘイラッシャ,,みず,,一般,フェアリー,たべのこし
461,8,162,2049.968,ディンルー,1003-00,ディンルー,,あく,じめん,準伝説,どく,くろいヘドロ
462,8,164,2048.431,ハバタクカミ,0987-00,ハバタクカミ,,ゴースト,フェアリー,パラドックス,ノーマル,きあいのタスキ
463,8,164,2048.431,サーフゴー,1000-00,サーフゴー,,はがね,ゴースト,一般,はがね,こだわりメガネ
464,8,164,2048.431,カイリュー,0149-00,カイリュー,,ドラゴン,ひこう,一般,みず,ゴツゴツメット
465,8,164,2048.431,ウーラオス(れんげき),0892-01,ウーラオス,れんげきのかた,かくとう,みず,準伝説,みず,パンチグローブ
466,8,164,2048.431,パオジアン,1002-00,パオジアン,,あく,こおり,準伝説,でんき,こだわりスカーフ
467,8,164,2048.431,モロバレル,0591-00,モロバレル,,くさ,どく,一般,あく,たべのこし
468,8,168,2047.558,ドラパルト,0887-00,ドラパルト,,ドラゴン,ゴースト,一般,ノーマル,きあいのタスキ
469,8,168,2047.558,ミミッキュ,0778-00,ミミッキュ,ばけたすがた,ゴースト,フェアリー,一般,フェアリー,いのちのたま
470,8,168,2047.558,カイリュー,0149-00,カイリュー,,ドラゴン,ひこう,一般,はがね,あつぞこブーツ
471,8,168,2047.558,テツノツツミ,0991-00,テツノツツミ,,こおり,みず,パラドックス,みず,ブーストエナジー
472,8,168,2047.558,サーフゴー,1000-00,サーフゴー,,はがね,ゴースト,一般,ノーマル,ふうせん
473,8,168,2047.558,ディンルー,1003-00,ディンルー,,あく,じめん,準伝説,フェアリー,オボンのみ
474,8,171,2045.53,ハッサム,0212-00,ハッサム,,むし,はがね,一般,あく,オボンのみ
475,8,171,2045.53,パオジアン,1002-00,パオジアン,,あく,こおり,準伝説,くさ,こだわりスカーフ
476,8,171,2045.53,カイリュー,0149-00,カイリュー,,ドラゴン,ひこう,一般,フェアリー,おんみつマント
477,8,171,2045.53,テツノツツミ,0991-00,テツノツツミ,,こおり,みず,パラドックス,ゴースト,きあいのタスキ
478,8,171,2045.53,ディンルー,1003-00,ディンルー,,あく,じめん,準伝説,でんき,とつげきチョッキ
479,8,171,2045.53,ハバタクカミ,0987-00,ハバタクカミ,,ゴースト,フェアリー,パラドックス,みず,ブーストエナジー
480,8,172,2045.473,ディンルー,1003-00,ディンルー,,あく,じめん,準伝説,どく,オボンのみ
481,8,172,2045.473,カイリュー,0149-00,カイリュー,,ドラゴン,ひこう,一般,みず,ゴツゴツメット
482,8,172,2045.473,ヘイラッシャ,0977-00,ヘイラッシャ,,みず,,一般,はがね,たべのこし
483,8,172,2045.473,ウーラオス(れんげき),0892-01,ウーラオス,れんげきのかた,かくとう,みず,準伝説,みず,きあいのタスキ
484,8,172,2045.473,ハバタクカミ,0987-00,ハバタクカミ,,ゴースト,フェアリー,パラドックス,くさ,とつげきチョッキ
485,8,172,2045.473,パオジアン,1002-00,パオジアン,,あく,こおり,準伝説,ほのお,くろいメガネ
486,8,173,2045.305,カイリュー,0149-00,カイリュー,,ドラゴン,ひこう,一般,ノーマル,シルクのスカーフ
487,8,173,2045.305,ディンルー,1003-00,ディンルー,,あく,じめん,準伝説,フェアリー,オボンのみ
488,8,173,2045.305,サーフゴー,1000-00,サーフゴー,,はがね,ゴースト,一般,はがね,こだわりメガネ
489,8,173,2045.305,ハバタクカミ,0987-00,ハバタクカミ,,ゴースト,フェアリー,パラドックス,ノーマル,ブーストエナジー
490,8,173,2045.305,テツノツツミ,0991-00,テツノツツミ,,こおり,みず,パラドックス,ゴースト,ヨプのみ
491,8,173,2045.305,ウーラオス(れんげき),0892-01,ウーラオス,れんげきのかた,かくとう,みず,準伝説,みず,きあいのタスキ
492,8,181,2042.411,ケンタロス(ブレイズ),0128-02,ケンタロス,パルデアのすがた・ブレイズ種,かくとう,ほのお,一般,くさ,オボンのみ
493,8,181,2042.411,ランドロス(れいじゅう),0645-01,ランドロス,れいじゅうフォルム,じめん,ひこう,準伝説,みず,とつげきチョッキ
494,8,181,2042.411,クレセリア,0488-00,クレセリア,,エスパー,,準伝説,はがね,ゴツゴツメット
495,8,181,2042.411,カイリュー,0149-00,カイリュー,,ドラゴン,ひこう,一般,はがね,おんみつマント
496,8,181,2042.411,ドドゲザン,0983-00,ドドゲザン,,あく,はがね,一般,フェアリー,たべのこし
497,8,181,2042.411,ハバタクカミ,0987-00,ハバタクカミ,,ゴースト,フェアリー,パラドックス,フェアリー,こだわりスカーフ
498,8,188,2038.9,ガブリアス,0445-00,ガブリアス,,ドラゴン,じめん,一般,ほのお,おんみつマント
499,8,188,2038.9,パオジアン,1002-00,パオジアン,,あく,こおり,準伝説,ゴースト,きあいのタスキ
500,8,188,2038.9,ハバタクカミ,0987-00,ハバタクカミ,,ゴースト,フェアリー,パラドックス,フェアリー,ブーストエナジー
501,8,188,2038.9,コノヨザル,0979-00,コノヨザル,,かくとう,ゴースト,一般,ほのお,とつげきチョッキ
502,8,188,2038.9,ディンルー,1003-00,ディンルー,,あく,じめん,準伝説,はがね,オボンのみ
503,8,188,2038.9,ヘイラッシャ,0977-00,ヘイラッシャ,,みず,,一般,じめん,たべのこし
504,8,189,2037.65,ルカリオ,0448-00,ルカリオ,,かくとう,はがね,一般,あく,いのちのたま
505,8,189,2037.65,ハッサム,0212-00,ハッサム,,むし,はがね,一般,あく,オボンのみ
506,8,189,2037.65,ハバタクカミ,0987-00,ハバタクカミ,,ゴースト,フェアリー,パラドックス,じめん,きあいのタスキ
507,8,189,2037.65,ミミッキュ,0778-00,ミミッキュ,ばけたすがた,ゴースト,フェアリー,一般,ゴースト,のろいのおふだ
508,8,189,2037.65,ウォッシュロトム,0479-02,ロトム,ウォッシュロトム,でんき,みず,一般,はがね,こだわりメガネ
509,8,189,2037.65,カイリュー,0149-00,カイリュー,,ドラゴン,ひこう,一般,ひこう,こだわりハチマキ
510,8,190,2037.511,オオニューラ,0903-00,オオニューラ,,かくとう,どく,一般,かくとう,きあいのタスキ
511,8,190,2037.511,イーユイ,1004-00,イーユイ,,あく,ほのお,準伝説,あく,こだわりスカーフ
512,8,190,2037.511,ウォッシュロトム,0479-02,ロトム,ウォッシュロトム,でんき,みず,一般,でんき,オボンのみ
513,8,190,2037.511,サーフゴー,1000-00,サーフゴー,,はがね,ゴースト,一般,はがね,ふうせん
514,8,190,2037.511,サケブシッポ,0985-00,サケブシッポ,,フェアリー,エスパー,パラドックス,ノーマル,ゴツゴツメット
515,8,190,2037.511,ガチグマ,0901-00,ガチグマ,,じめん,ノーマル,一般,みず,とつげきチョッキ
516,8,192,2036.639,コノヨザル,0979-00,コノヨザル,,かくとう,ゴースト,一般,ほのお,とつげきチョッキ
517,8,192,2036.639,ウーラオス(れんげき),0892-01,ウーラオス,れんげきのかた,かくとう,みず,準伝説,みず,こだわりハチマキ
518,8,192,2036.639,サンダー,0145-00,サンダー,,でんき,ひこう,準伝説,でんき,こだわりスカーフ
519,8,192,2036.639,ハッサム,0212-00,ハッサム,,むし,はがね,一般,あく,オボンのみ
520,8,192,2036.639,カイリュー,0149-00,カイリュー,,ドラゴン,ひこう,一般,はがね,ゴツゴツメット
521,8,192,2036.639,サザンドラ,0635-00,サザンドラ,,あく,ドラゴン,一般,はがね,こだわりメガネ
522,8,199,2033.049,ディンルー,1003-00,ディンルー,,あく,じめん,準伝説,フェアリー,こだわりハチマキ
523,8,199,2033.049,カイリュー,0149-00,カイリュー,,ドラゴン,ひこう,一般,ひこう,するどいくちばし
524,8,199,2033.049,サーフゴー,1000-00,サーフゴー,,はがね,ゴースト,一般,はがね,こだわりスカーフ
525,8,199,2033.049,テツノツツミ,0991-00,テツノツツミ,,こおり,みず,パラドックス,ゴースト,ブーストエナジー
526,8,199,2033.049,クレセリア,0488-00,クレセリア,,エスパー,,準伝説,はがね,オボンのみ
527,8,199,2033.049,イーユイ,1004-00,イーユイ,,あく,ほのお,準伝説,ゴースト,たべのこし
528,8,208,2030.522,ラッキー,0113-00,ラッキー,,ノーマル,,一般,あく,しんかのきせき
529,8,208,2030.522,ヘイラッシャ,0977-00,ヘイラッシャ,,みず,,一般,フェアリー,たべのこし
530,8,208,2030.522,ミミズズ,0968-00,ミミズズ,,はがね,,一般,ゴースト,ゴツゴツメット
531,8,208,2030.522,ゴチルゼル,0576-00,ゴチルゼル,,エスパー,,一般,ひこう,こだわりスカーフ
532,8,208,2030.522,ドオー,0980-00,ドオー,,どく,じめん,一般,でんき,おんみつマント
533,8,208,2030.522,モロバレル,0591-00,モロバレル,,くさ,どく,一般,どく,くろいヘドロ
534,8,209,2030.197,ブリザポス,0896-00,ブリザポス,,こおり,,準伝説,ゴースト,とつげきチョッキ
535,8,209,2030.197,イーユイ,1004-00,イーユイ,,あく,ほのお,準伝説,みず,こだわりメガネ
536,8,209,2030.197,バサギリ,0900-00,バサギリ,,むし,いわ,一般,むし,こだわりスカーフ
537,8,209,2030.197,ボルトロス(れいじゅう),0642-01,ボルトロス,れいじゅうフォルム,でんき,ひこう,準伝説,フェアリー,おんみつマント
538,8,209,2030.197,ドラパルト,0887-00,ドラパルト,,ドラゴン,ゴースト,一般,みず,いのちのたま
539,8,209,2030.197,ミミズズ,0968-00,ミミズズ,,はがね,,一般,どく,ゴツゴツメット
540,8,212,2029.816,ドラパルト,0887-00,ドラパルト,,ドラゴン,ゴースト,一般,はがね,きあいのタスキ
541,8,212,2029.816,パオジアン,1002-00,パオジアン,,あく,こおり,準伝説,くさ,とつげきチョッキ
542,8,212,2029.816,ヒードラン,0485-00,ヒードラン,,ほのお,はがね,準伝説,くさ,オボンのみ
543,8,212,2029.816,ランドロス(れいじゅう),0645-01,ランドロス,れいじゅうフォルム,じめん,ひこう,準伝説,みず,たべのこし
544,8,212,2029.816,ハバタクカミ,0987-00,ハバタクカミ,,ゴースト,フェアリー,パラドックス,みず,ブーストエナジー
545,8,212,2029.816,ウーラオス(れんげき),0892-01,ウーラオス,れんげきのかた,かくとう,みず,準伝説,みず,パンチグローブ
546,8,213,2029.673,パオジアン,1002-00,パオジアン,,あく,こおり,準伝説,でんき,とつげきチョッキ
547,8,213,2029.673,ハバタクカミ,0987-00,ハバタクカミ,,ゴースト,フェアリー,パラドックス,フェアリー,ブーストエナジー
548,8,213,2029.673,ウーラオス(れんげき),0892-01,ウーラオス,れんげきのかた,かくとう,みず,準伝説,みず,パンチグローブ
549,8,213,2029.673,サーフゴー,1000-00,サーフゴー,,はがね,ゴースト,一般,みず,じゃくてんほけん
550,8,213,2029.673,ドラパルト,0887-00,ドラパルト,,ドラゴン,ゴースト,一般,ノーマル,きあいのタスキ
551,8,213,2029.673,ヒードラン,0485-00,ヒードラン,,ほのお,はがね,準伝説,くさ,たべのこし
552,8,216,2029.168,カイリュー,0149-00,カイリュー,,ドラゴン,ひこう,一般,ノーマル,ゴツゴツメット
553,8,216,2029.168,ハバタクカミ,0987-00,ハバタクカミ,,ゴースト,フェアリー,パラドックス,みず,ブーストエナジー
554,8,216,2029.168,パオジアン,1002-00,パオジアン,,あく,こおり,準伝説,でんき,とつげきチョッキ
555,8,216,2029.168,ウーラオス(れんげき),0892-01,ウーラオス,れんげきのかた,かくとう,みず,準伝説,みず,パンチグローブ
556,8,216,2029.168,ガチグマ,0901-00,ガチグマ,,じめん,ノーマル,一般,どく,かえんだま
557,8,216,2029.168,ヒードラン,0485-00,ヒードラン,,ほのお,はがね,準伝説,くさ,オボンのみ
558,8,224,2025.401,パオジアン,1002-00,パオジアン,,あく,こおり,準伝説,くさ,きあいのタスキ
559,8,224,2025.401,カイリュー,0149-00,カイリュー,,ドラゴン,ひこう,一般,ひこう,ラムのみ
560,8,224,2025.401,ウーラオス(れんげき),0892-01,ウーラオス,れんげきのかた,かくとう,みず,準伝説,どく,こだわりハチマキ
561,8,224,2025.401,ドドゲザン,0983-00,ドドゲザン,,あく,はがね,一般,フェアリー,とつげきチョッキ
562,8,224,2025.401,ガチグマ,0901-00,ガチグマ,,じめん,ノーマル,一般,どく,たべのこし
563,8,224,2025.401,ハバタクカミ,0987-00,ハバタクカミ,,ゴースト,フェアリー,パラドックス,みず,ブーストエナジー
564,8,225,2025.201,セグレイブ,0998-00,セグレイブ,,ドラゴン,こおり,一般,フェアリー,とつげきチョッキ
565,8,225,2025.201,ミミッキュ,0778-00,ミミッキュ,ばけたすがた,ゴースト,フェアリー,一般,ゴースト,いのちのたま
566,8,225,2025.201,イダイトウ(オス),0902-00,イダイトウ,オスのすがた,みず,ゴースト,一般,みず,ゴツゴツメット
567,8,225,2025.201,ガチグマ,0901-00,ガチグマ,,じめん,ノーマル,一般,フェアリー,かえんだま
568,8,225,2025.201,テツノツツミ,0991-00,テツノツツミ,,こおり,みず,パラドックス,みず,ブーストエナジー
569,8,225,2025.201,イーユイ,1004-00,イーユイ,,あく,ほのお,準伝説,くさ,おんみつマント
570,8,229,2024.078,ドヒドイデ,0748-00,ドヒドイデ,,どく,みず,一般,フェアリー,くろいヘドロ
571,8,229,2024.078,ディンルー,1003-00,ディンルー,,あく,じめん,準伝説,フェアリー,たべのこし
572,8,229,2024.078,ハバタクカミ,0987-00,ハバタクカミ,,ゴースト,フェアリー,パラドックス,フェアリー,こだわりメガネ
573,8,229,2024.078,カイリュー,0149-00,カイリュー,,ドラゴン,ひこう,一般,フェアリー,ゴツゴツメット
574,8,229,2024.078,ウーラオス(いちげき),0892-00,ウーラオス,いちげきのかた,かくとう,あく,準伝説,あく,きあいのタスキ
575,8,229,2024.078,イーユイ,1004-00,イーユイ,,あく,ほのお,準伝説,ゴースト,こだわりスカーフ
576,8,232,2023.146,パオジアン,1002-00,パオジアン,,あく,こおり,準伝説,ゴースト,きあいのタスキ
577,8,232,2023.146,サーフゴー,1000-00,サーフゴー,,はがね,ゴースト,一般,みず,ゴツゴツメット
578,8,232,2023.146,ガブリアス,0445-00,ガブリアス,,ドラゴン,じめん,一般,はがね,とつげきチョッキ
579,8,232,2023.146,テツノツツミ,0991-00,テツノツツミ,,こおり,みず,パラドックス,はがね,ブーストエナジー
580,8,232,2023.146,テツノブジン,1006-00,テツノブジン,,フェアリー,かくとう,パラドックス,はがね,こだわりスカーフ
581,8,232,2023.146,ガチグマ,0901-00,ガチグマ,,じめん,ノーマル,一般,みず,かえんだま
582,8,234,2022.313,カイリュー,0149-00,カイリュー,,ドラゴン,ひこう,一般,ひこう,するどいくちばし
583,8,234,2022.313,ハバタクカミ,0987-00,ハバタクカミ,,ゴースト,フェアリー,パラドックス,フェアリー,こだわりメガネ
584,8,234,2022.313,テツノツツミ,0991-00,テツノツツミ,,こおり,みず,パラドックス,ゴースト,ブーストエナジー
585,8,234,2022.313,ミミッキュ,0778-00,ミミッキュ,ばけたすがた,ゴースト,フェアリー,一般,フェアリー,いのちのたま
586,8,234,2022.313,イーユイ,1004-00,イーユイ,,あく,ほのお,準伝説,フェアリー,こだわりスカーフ
587,8,234,2022.313,ゴチルゼル,0576-00,ゴチルゼル,,エスパー,,一般,ひこう,おんみつマント
588,8,236,2021.915,トドロクツキ,1005-00,トドロクツキ,,ドラゴン,あく,パラドックス,ひこう,ブーストエナジー
589,8,236,2021.915,カイリュー,0149-00,カイリュー,,ドラゴン,ひこう,一般,はがね,おんみつマント
590,8,236,2021.915,ディンルー,1003-00,ディンルー,,あく,じめん,準伝説,みず,フィラのみ
591,8,236,2021.915,サーフゴー,1000-00,サーフゴー,,はがね,ゴースト,一般,フェアリー,ゴツゴツメット
592,8,236,2021.915,ハバタクカミ,0987-00,ハバタクカミ,,ゴースト,フェアリー,パラドックス,ノーマル,きあいのタスキ
593,8,236,2021.915,コノヨザル,0979-00,コノヨザル,,かくとう,ゴースト,一般,ほのお,オボンのみ
594,8,240,2020.967,ルカリオ,0448-00,ルカリオ,,かくとう,はがね,一般,ノーマル,きあいのタスキ
595,8,240,2020.967,ガブリアス,0445-00,ガブリアス,,ドラゴン,じめん,一般,はがね,こだわりスカーフ
596,8,240,2020.967,パオジアン,1002-00,パオジアン,,あく,こおり,準伝説,でんき,とつげきチョッキ
597,8,240,2020.967,ボルトロス(れいじゅう),0642-01,ボルトロス,れいじゅうフォルム,でんき,ひこう,準伝説,はがね,オボンのみ
598,8,240,2020.967,ウインディ(ヒスイ),0059-01,ウインディ,ヒスイのすがた,ほのお,いわ,一般,くさ,こだわりハチマキ
599,8,240,2020.967,ミミッキュ,0778-00,ミミッキュ,ばけたすがた,ゴースト,フェアリー,一般,フェアリー,いのちのたま
600,8,252,2019.732,コノヨザル,0979-00,コノヨザル,,かくとう,ゴースト,一般,ほのお,とつげきチョッキ
601,8,252,2019.732,ドドゲザン,0983-00,ドドゲザン,,あく,はがね,一般,フェアリー,オボンのみ
602,8,252,2019.732,テツノツツミ,0991-00,テツノツツミ,,こおり,みず,パラドックス,ゴースト,ゴツゴツメット
603,8,252,2019.732,テツノドクガ,0994-00,テツノドクガ,,ほのお,どく,パラドックス,くさ,ブーストエナジー
604,8,252,2019.732,ディンルー,1003-00,ディンルー,,あく,じめん,準伝説,みず,たべのこし
605,8,252,2019.732,サーフゴー,1000-00,サーフゴー,,はがね,ゴースト,一般,ひこう,おんみつマント
606,8,255,2019.257,グレイシア,0471-00,グレイシア,,こおり,,一般,フェアリー,ゴツゴツメット
607,8,255,2019.257,イダイトウ(メス),0902-01,イダイトウ,メスのすがた,みず,ゴースト,一般,じめん,きあいのタスキ
608,8,255,2019.257,オオニューラ,0903-00,オオニューラ,,かくとう,どく,一般,ゴースト,ふうせん
609,8,255,2019.257,ミミッキュ,0778-00,ミミッキュ,ばけたすがた,ゴースト,フェアリー,一般,ゴースト,いのちのたま
610,8,255,2019.257,カイリュー,0149-00,カイリュー,,ドラゴン,ひこう,一般,ひこう,とつげきチョッキ
611,8,255,2019.257,サーフゴー,1000-00,サーフゴー,,はがね,ゴースト,一般,ノーマル,おんみつマント
612,8,257,2019.1,デカヌチャン,0959-00,デカヌチャン,,フェアリー,はがね,一般,みず,ゴツゴツメット
613,8,257,2019.1,カイリュー,0149-00,カイリュー,,ドラゴン,ひこう,一般,ひこう,するどいくちばし
614,8,257,2019.1,ハバタクカミ,0987-00,ハバタクカミ,,ゴースト,フェアリー,パラドックス,フェアリー,こだわりメガネ
615,8,257,2019.1,ウーラオス(いちげき),0892-00,ウーラオス,いちげきのかた,かくとう,あく,準伝説,あく,きあいのタスキ
616,8,257,2019.1,テツノツツミ,0991-00,テツノツツミ,,こおり,みず,パラドックス,ゴースト,ブーストエナジー
617,8,257,2019.1,ドオー,0980-00,ドオー,,どく,じめん,一般,フェアリー,たべのこし
618,8,261,2017.701,ガチグマ,0901-00,ガチグマ,,じめん,ノーマル,一般,みず,たべのこし
619,8,261,2017.701,ウーラオス(いちげき),0892-00,ウーラオス,いちげきのかた,かくとう,あく,準伝説,はがね,こだわりハチマキ
620,8,261,2017.701,ハバタクカミ,0987-00,ハバタクカミ,,ゴースト,フェアリー,パラドックス,フェアリー,こだわりメガネ
621,8,261,2017.701,カイリュー,0149-00,カイリュー,,ドラゴン,ひこう,一般,ノーマル,あつぞこブーツ
622,8,261,2017.701,サーフゴー,1000-00,サーフゴー,,はがね,ゴースト,一般,ノーマル,ゴツゴツメット
623,8,261,2017.701,ヒードラン,0485-00,ヒードラン,,ほのお,はがね,準伝説,フェアリー,オボンのみ
624,8,275,2015.94,バサギリ,0900-00,バサギリ,,むし,いわ,一般,むし,こだわりスカーフ
625,8,275,2015.94,サーフゴー,1000-00,サーフゴー,,はがね,ゴースト,一般,みず,ゴツゴツメット
626,8,275,2015.94,モロバレル,0591-00,モロバレル,,くさ,どく,一般,ノーマル,だっしゅつパック
627,8,275,2015.94,マリルリ,0184-00,マリルリ,,みず,フェアリー,一般,フェアリー,とつげきチョッキ
628,8,275,2015.94,ガチグマ,0901-00,ガチグマ,,じめん,ノーマル,一般,みず,たべのこし
629,8,275,2015.94,ボルトロス(れいじゅう),0642-01,ボルトロス,れいじゅうフォルム,でんき,ひこう,準伝説,ひこう,オボンのみ
630,8,276,2015.676,ランドロス(れいじゅう),0645-01,ランドロス,れいじゅうフォルム,じめん,ひこう,準伝説,みず,とつげきチョッキ
631,8,276,2015.676,ウーラオス(れんげき),0892-01,ウーラオス,れんげきのかた,かくとう,みず,準伝説,はがね,パンチグローブ
632,8,276,2015.676,ハバタクカミ,0987-00,ハバタクカミ,,ゴースト,フェアリー,パラドックス,みず,ブーストエナジー
633,8,276,2015.676,ミミッキュ,0778-00,ミミッキュ,ばけたすがた,ゴースト,フェアリー,一般,くさ,ゴツゴツメット
634,8,276,2015.676,イーユイ,1004-00,イーユイ,,あく,ほのお,準伝説,ゴースト,きあいのタスキ
635,8,276,2015.676,ガチグマ,0901-00,ガチグマ,,じめん,ノーマル,一般,みず,かえんだま
636,8,284,2014.449,レジエレキ,0894-00,レジエレキ,,でんき,,準伝説,でんき,ひかりのねんど
637,8,284,2014.449,ウーラオス(れんげき),0892-01,ウーラオス,れんげきのかた,かくとう,みず,準伝説,どく,パンチグローブ
638,8,284,2014.449,カイリュー,0149-00,カイリュー,,ドラゴン,ひこう,一般,ノーマル,たべのこし
639,8,284,2014.449,ハバタクカミ,0987-00,ハバタクカミ,,ゴースト,フェアリー,パラドックス,みず,ブーストエナジー
640,8,284,2014.449,パオジアン,1002-00,パオジアン,,あく,こおり,準伝説,ゴースト,きあいのタスキ
641,8,284,2014.449,ミミッキュ,0778-00,ミミッキュ,ばけたすがた,ゴースト,フェアリー,一般,ゴースト,いのちのたま
642,8,285,2014.443,ハバタクカミ,0987-00,ハバタクカミ,,ゴースト,フェアリー,パラドックス,フェアリー,きあいのタスキ
643,8,285,2014.443,テツノドクガ,0994-00,テツノドクガ,,ほのお,どく,パラドックス,くさ,ゴツゴツメット
644,8,285,2014.443,セグレイブ,0998-00,セグレイブ,,ドラゴン,こおり,一般,じめん,いのちのたま
645,8,285,2014.443,サーフゴー,1000-00,サーフゴー,,はがね,ゴースト,一般,ゴースト,こだわりメガネ
646,8,285,2014.443,カイリュー,0149-00,カイリュー,,ドラゴン,ひこう,一般,ひこう,するどいくちばし
647,8,285,2014.443,ウーラオス(れんげき),0892-01,ウーラオス,れんげきのかた,かくとう,みず,準伝説,はがね,とつげきチョッキ
648,8,286,2014.39,ガブリアス,0445-00,ガブリアス,,ドラゴン,じめん,一般,はがね,とつげきチョッキ
649,8,286,2014.39,ウーラオス(れんげき),0892-01,ウーラオス,れんげきのかた,かくとう,みず,準伝説,みず,パンチグローブ
650,8,286,2014.39,ドヒドイデ,0748-00,ドヒドイデ,,どく,みず,一般,くさ,たべのこし
651,8,286,2014.39,ハバタクカミ,0987-00,ハバタクカミ,,ゴースト,フェアリー,パラドックス,フェアリー,こだわりメガネ
652,8,286,2014.39,ヒートロトム,0479-01,ロトム,ヒートロトム,でんき,ほのお,一般,ゴースト,オボンのみ
653,8,286,2014.39,サーフゴー,1000-00,サーフゴー,,はがね,ゴースト,一般,ひこう,こだわりスカーフ
654,8,287,2014.292,パオジアン,1002-00,パオジアン,,あく,こおり,準伝説,あく,こだわりハチマキ
655,8,287,2014.292,ハバタクカミ,0987-00,ハバタクカミ,,ゴースト,フェアリー,パラドックス,フェアリー,こだわりメガネ
656,8,287,2014.292,コータス,0324-00,コータス,,ほのお,,一般,くさ,だっしゅつパック
657,8,287,2014.292,ヌメルゴン(ヒスイ),0706-01,ヌメルゴン,ヒスイのすがた,はがね,ドラゴン,一般,フェアリー,とつげきチョッキ
658,8,287,2014.292,ランドロス(れいじゅう),0645-01,ランドロス,れいじゅうフォルム,じめん,ひこう,準伝説,ひこう,こだわりスカーフ
659,8,287,2014.292,キノガッサ,0286-00,キノガッサ,,くさ,かくとう,一般,ゴースト,きあいのタスキ
660,8,290,2014.067,ゴリランダー,0812-00,ゴリランダー,,くさ,,一般,ゴースト,たべのこし
661,8,290,2014.067,ゾロアーク(ヒスイ),0571-01,ゾロアーク,ヒスイのすがた,ノーマル,ゴースト,一般,かくとう,きあいのタスキ
662,8,290,2014.067,スナノケガワ,0989-00,スナノケガワ,,でんき,じめん,パラドックス,こおり,ブーストエナジー
663,8,290,2014.067,カイリュー,0149-00,カイリュー,,ドラゴン,ひこう,一般,ひこう,するどいくちばし
664,8,290,2014.067,ブリザポス,0896-00,ブリザポス,,こおり,,準伝説,かくとう,ゴツゴツメット
665,8,290,2014.067,ヒードラン,0485-00,ヒードラン,,ほのお,はがね,準伝説,フェアリー,とつげきチョッキ
666,8,291,2014.049,パオジアン,1002-00,パオジアン,,あく,こおり,準伝説,でんき,とつげきチョッキ
667,8,291,2014.049,キノガッサ,0286-00,キノガッサ,,くさ,かくとう,一般,ゴースト,きあいのタスキ
668,8,291,2014.049,ミミッキュ,0778-00,ミミッキュ,ばけたすがた,ゴースト,フェアリー,一般,くさ,ゴツゴツメット
669,8,291,2014.049,ハバタクカミ,0987-00,ハバタクカミ,,ゴースト,フェアリー,パラドックス,みず,ブーストエナジー
670,8,291,2014.049,エムリット,0481-00,エムリット,,エスパー,,準伝説,フェアリー,オボンのみ
671,8,291,2014.049,ガチグマ,0901-00,ガチグマ,,じめん,ノーマル,一般,フェアリー,かえんだま
672,8,294,2013.761,ドヒドイデ,0748-00,ドヒドイデ,,どく,みず,一般,くさ,きあいのタスキ
673,8,294,2013.761,ラッキー,0113-00,ラッキー,,ノーマル,,一般,あく,しんかのきせき
674,8,294,2013.761,ヘイラッシャ,0977-00,ヘイラッシャ,,みず,,一般,フェアリー,たべのこし
675,8,294,2013.761,モロバレル,0591-00,モロバレル,,くさ,どく,一般,ドラゴン,ウイのみ
676,8,294,2013.761,フワライド,0426-00,フワライド,,ゴースト,ひこう,一般,フェアリー,ゴツゴツメット
677,8,294,2013.761,カイリュー,0149-00,カイリュー,,ドラゴン,ひこう,一般,はがね,おんみつマント
678,8,295,2013.604,ドレディア(ヒスイ),0549-01,ドレディア,ヒスイのすがた,くさ,かくとう,一般,じめん,こだわりハチマキ
679,8,295,2013.604,ミミッキュ,0778-00,ミミッキュ,ばけたすがた,ゴースト,フェアリー,一般,ゴースト,いのちのたま
680,8,295,2013.604,テツノツツミ,0991-00,テツノツツミ,,こおり,みず,パラドックス,ゴースト,ブーストエナジー
681,8,295,2013.604,テツノカイナ,0992-00,テツノカイナ,,かくとう,でんき,パラドックス,みず,たべのこし
682,8,295,2013.604,コノヨザル,0979-00,コノヨザル,,かくとう,ゴースト,一般,ノーマル,きあいのタスキ
683,8,295,2013.604,カイリュー,0149-00,カイリュー,,ドラゴン,ひこう,一般,はがね,ゴツゴツメット
684,8,296,2013.517,ハバタクカミ,0987-00,ハバタクカミ,,ゴースト,フェアリー,パラドックス,ノーマル,ブーストエナジー
685,8,296,2013.517,ウォッシュロトム,0479-02,ロトム,ウォッシュロトム,でんき,みず,一般,でんき,オボンのみ
686,8,296,2013.517,カイリュー,0149-00,カイリュー,,ドラゴン,ひこう,一般,ひこう,あつぞこブーツ
687,8,296,2013.517,サーフゴー,1000-00,サーフゴー,,はがね,ゴースト,一般,ひこう,おんみつマント
688,8,296,2013.517,フォレトス,0205-00,フォレトス,,むし,はがね,一般,かくとう,ゴツゴツメット
689,8,296,2013.517,ガチグマ,0901-00,ガチグマ,,じめん,ノーマル,一般,フェアリー,とつげきチョッキ
690,8,312,2012.07,ウーラオス(いちげき),0892-00,ウーラオス,いちげきのかた,かくとう,あく,準伝説,どく,パンチグローブ
691,8,312,2012.07,ランドロス(れいじゅう),0645-01,ランドロス,れいじゅうフォルム,じめん,ひこう,準伝説,フェアリー,とつげきチョッキ
692,8,312,2012.07,イダイトウ(オス),0902-00,イダイトウ,オスのすがた,みず,ゴースト,一般,みず,ゴツゴツメット
693,8,312,2012.07,ヒードラン,0485-00,ヒードラン,,ほのお,はがね,準伝説,くさ,たべのこし
694,8,312,2012.07,ハバタクカミ,0987-00,ハバタクカミ,,ゴースト,フェアリー,パラドックス,フェアリー,ブーストエナジー
695,8,312,2012.07,テツノツツミ,0991-00,テツノツツミ,,こおり,みず,パラドックス,フェアリー,きあいのタスキ
696,8,313,2011.949,ウーラオス(れんげき),0892-01,ウーラオス,れんげきのかた,かくとう,みず,準伝説,どく,パンチグローブ
697,8,313,2011.949,ハバタクカミ,0987-00,ハバタクカミ,,ゴースト,フェアリー,パラドックス,みず,ブーストエナジー
698,8,313,2011.949,モロバレル,0591-00,モロバレル,,くさ,どく,一般,みず,ゴツゴツメット
699,8,313,2011.949,パオジアン,1002-00,パオジアン,,あく,こおり,準伝説,でんき,とつげきチョッキ
700,8,313,2011.949,イーユイ,1004-00,イーユイ,,あく,ほのお,準伝説,ゴースト,こだわりスカーフ
701,8,313,2011.949,ガブリアス,0445-00,ガブリアス,,ドラゴン,じめん,一般,はがね,こだわりハチマキ
702,8,323,2011.24,ガブリアス,0445-00,ガブリアス,,ドラゴン,じめん,一般,フェアリー,こだわりハチマキ
703,8,323,2011.24,カイリュー,0149-00,カイリュー,,ドラゴン,ひこう,一般,ひこう,するどいくちばし
704,8,323,2011.24,ヒードラン,0485-00,ヒードラン,,ほのお,はがね,準伝説,フェアリー,ゴツゴツメット
705,8,323,2011.24,サーフゴー,1000-00,サーフゴー,,はがね,ゴースト,一般,ひこう,ふうせん
706,8,323,2011.24,ハバタクカミ,0987-00,ハバタクカミ,,ゴースト,フェアリー,パラドックス,ノーマル,きあいのタスキ
707,8,323,2011.24,ミミッキュ,0778-00,ミミッキュ,ばけたすがた,ゴースト,フェアリー,一般,フェアリー,いのちのたま
708,8,329,2010.498,ウーラオス(れんげき),0892-01,ウーラオス,れんげきのかた,かくとう,みず,準伝説,どく,パンチグローブ
709,8,329,2010.498,ミミッキュ,0778-00,ミミッキュ,ばけたすがた,ゴースト,フェアリー,一般,ゴースト,いのちのたま
710,8,329,2010.498,ハバタクカミ,0987-00,ハバタクカミ,,ゴースト,フェアリー,パラドックス,みず,ブーストエナジー
711,8,329,2010.498,パオジアン,1002-00,パオジアン,,あく,こおり,準伝説,くさ,きあいのタスキ
712,8,329,2010.498,ウォッシュロトム,0479-02,ロトム,ウォッシュロトム,でんき,みず,一般,はがね,たべのこし
713,8,329,2010.498,ヒードラン,0485-00,ヒードラン,,ほのお,はがね,準伝説,ひこう,とつげきチョッキ
714,8,333,2010.216,パオジアン,1002-00,パオジアン,,あく,こおり,準伝説,くさ,ラムのみ
715,8,333,2010.216,ハバタクカミ,0987-00,ハバタクカミ,,ゴースト,フェアリー,パラドックス,みず,ブーストエナジー
716,8,333,2010.216,カイリュー,0149-00,カイリュー,,ドラゴン,ひこう,一般,ひこう,じゃくてんほけん
717,8,333,2010.216,ボルトロス(れいじゅう),0642-01,ボルトロス,れいじゅうフォルム,でんき,ひこう,準伝説,みず,オボンのみ
718,8,333,2010.216,ウーラオス(れんげき),0892-01,ウーラオス,れんげきのかた,かくとう,みず,準伝説,どく,ゴツゴツメット
719,8,333,2010.216,ディンルー,1003-00,ディンルー,,あく,じめん,準伝説,はがね,おんみつマント
720,8,334,2010.166,マリルリ,0184-00,マリルリ,,みず,フェアリー,一般,じめん,オボンのみ
721,8,334,2010.166,テツノカイナ,0992-00,テツノカイナ,,かくとう,でんき,パラドックス,フェアリー,だっしゅつパック
722,8,334,2010.166,テツノツツミ,0991-00,テツノツツミ,,こおり,みず,パラドックス,ゴースト,いのちのたま
723,8,334,2010.166,ヤドキング(ガラル),0199-01,ヤドキング,ガラルのすがた,どく,エスパー,一般,どく,くろいヘドロ
724,8,334,2010.166,ガチグマ,0901-00,ガチグマ,,じめん,ノーマル,一般,ゴースト,かえんだま
725,8,334,2010.166,ゴリランダー,0812-00,ゴリランダー,,くさ,,一般,みず,とつげきチョッキ
726,8,341,2009.719,レイスポス,0897-00,レイスポス,,ゴースト,,準伝説,フェアリー,たべのこし
727,8,341,2009.719,ゴリランダー,0812-00,ゴリランダー,,くさ,,一般,ほのお,いかさまダイス
728,8,341,2009.719,コノヨザル,0979-00,コノヨザル,,かくとう,ゴースト,一般,はがね,きあいのタスキ
729,8,341,2009.719,ブロロローム,0966-00,ブロロローム,,はがね,どく,一般,みず,オボンのみ
730,8,341,2009.719,ガブリアス,0445-00,ガブリアス,,ドラゴン,じめん,一般,はがね,とつげきチョッキ
731,8,341,2009.719,ウーラオス(れんげき),0892-01,ウーラオス,れんげきのかた,かくとう,みず,準伝説,みず,パンチグローブ
732,8,346,2009.478,キョジオーン,0934-00,キョジオーン,,いわ,,一般,みず,おんみつマント
733,8,346,2009.478,サーフゴー,1000-00,サーフゴー,,はがね,ゴースト,一般,みず,じゃくてんほけん
734,8,346,2009.478,クレセリア,0488-00,クレセリア,,エスパー,,準伝説,どく,たべのこし
735,8,346,2009.478,ドラパルト,0887-00,ドラパルト,,ドラゴン,ゴースト,一般,ノーマル,きあいのタスキ
736,8,346,2009.478,テツノブジン,1006-00,テツノブジン,,フェアリー,かくとう,パラドックス,ゴースト,こだわりスカーフ
737,8,346,2009.478,クエスパトラ,0956-00,クエスパトラ,,エスパー,,一般,ノーマル,オボンのみ
738,8,348,2009.29,ミミッキュ,0778-00,ミミッキュ,ばけたすがた,ゴースト,フェアリー,一般,ゴースト,いのちのたま
739,8,348,2009.29,ディンルー,1003-00,ディンルー,,あく,じめん,準伝説,フェアリー,オボンのみ
740,8,348,2009.29,サンダー,0145-00,サンダー,,でんき,ひこう,準伝説,でんき,ゴツゴツメット
741,8,348,2009.29,ハバタクカミ,0987-00,ハバタクカミ,,ゴースト,フェアリー,パラドックス,フェアリー,ブーストエナジー
742,8,348,2009.29,サーフゴー,1000-00,サーフゴー,,はがね,ゴースト,一般,ノーマル,おんみつマント
743,8,348,2009.29,ヘイラッシャ,0977-00,ヘイラッシャ,,みず,,一般,フェアリー,たべのこし
744,8,349,2009.194,ドヒドイデ,0748-00,ドヒドイデ,,どく,みず,一般,くさ,メンタルハーブ
745,8,349,2009.194,ラッキー,0113-00,ラッキー,,ノーマル,,一般,あく,しんかのきせき
746,8,349,2009.194,ヘイラッシャ,0977-00,ヘイラッシャ,,みず,,一般,フェアリー,たべのこし
747,8,349,2009.194,ジュナイパー,0724-00,ジュナイパー,,くさ,ゴースト,一般,ひこう,あつぞこブーツ
748,8,349,2009.194,カイリュー,0149-00,カイリュー,,ドラゴン,ひこう,一般,みず,おんみつマント
749,8,349,2009.194,ゴチルゼル,0576-00,ゴチルゼル,,エスパー,,一般,ひこう,こだわりスカーフ
750,8,350,2009.11,ガブリアス,0445-00,ガブリアス,,ドラゴン,じめん,一般,ほのお,おんみつマント
751,8,350,2009.11,ミミッキュ,0778-00,ミミッキュ,ばけたすがた,ゴースト,フェアリー,一般,フェアリー,いのちのたま
752,8,350,2009.11,イダイトウ(オス),0902-00,イダイトウ,オスのすがた,みず,ゴースト,一般,フェアリー,とつげきチョッキ
753,8,350,2009.11,キノガッサ,0286-00,キノガッサ,,くさ,かくとう,一般,はがね,いかさまダイス
754,8,350,2009.11,ウォッシュロトム,0479-02,ロトム,ウォッシュロトム,でんき,みず,一般,はがね,たべのこし
755,8,350,2009.11,ハバタクカミ,0987-00,ハバタクカミ,,ゴースト,フェアリー,パラドックス,フェアリー,きあいのタスキ
756,8,351,2008.956,ハバタクカミ,0987-00,ハバタクカミ,,ゴースト,フェアリー,パラドックス,フェアリー,こだわりスカーフ
757,8,351,2008.956,ウーラオス(れんげき),0892-01,ウーラオス,れんげきのかた,かくとう,みず,準伝説,はがね,パンチグローブ
758,8,351,2008.956,カイリュー,0149-00,カイリュー,,ドラゴン,ひこう,一般,ノーマル,ゴツゴツメット
759,8,351,2008.956,サーフゴー,1000-00,サーフゴー,,はがね,ゴースト,一般,はがね,おんみつマント
760,8,351,2008.956,キョジオーン,0934-00,キョジオーン,,いわ,,一般,どく,たべのこし
761,8,351,2008.956,ガチグマ,0901-00,ガチグマ,,じめん,ノーマル,一般,ほのお,とつげきチョッキ
762,8,352,2008.873,ベトベトン(アローラ),0089-01,ベトベトン,アローラのすがた,どく,あく,一般,どく,とつげきチョッキ
763,8,352,2008.873,ランドロス(れいじゅう),0645-01,ランドロス,れいじゅうフォルム,じめん,ひこう,準伝説,ひこう,こだわりハチマキ
764,8,352,2008.873,ケンタロス(ブレイズ),0128-02,ケンタロス,パルデアのすがた・ブレイズ種,かくとう,ほのお,一般,みず,フィラのみ
765,8,352,2008.873,ドラパルト,0887-00,ドラパルト,,ドラゴン,ゴースト,一般,フェアリー,ゴツゴツメット
766,8,352,2008.873,ボルトロス(れいじゅう),0642-01,ボルトロス,れいじゅうフォルム,でんき,ひこう,準伝説,はがね,あつぞこブーツ
767,8,352,2008.873,コノヨザル,0979-00,コノヨザル,,かくとう,ゴースト,一般,はがね,たべのこし
768,8,355,2008.731,イダイトウ(オス),0902-00,イダイトウ,オスのすがた,みず,ゴースト,一般,みず,ふうせん
769,8,355,2008.731,ディンルー,1003-00,ディンルー,,あく,じめん,準伝説,どく,オボンのみ
770,8,355,2008.731,カイリュー,0149-00,カイリュー,,ドラゴン,ひこう,一般,ひこう,するどいくちばし
771,8,355,2008.731,サーフゴー,1000-00,サーフゴー,,はがね,ゴースト,一般,はがね,こだわりメガネ
772,8,355,2008.731,ヒードラン,0485-00,ヒードラン,,ほのお,はがね,準伝説,フェアリー,ゴツゴツメット
773,8,355,2008.731,ミミッキュ,0778-00,ミミッキュ,ばけたすがた,ゴースト,フェアリー,一般,フェアリー,いのちのたま
774,8,356,2008.65,パオジアン,1002-00,パオジアン,,あく,こおり,準伝説,ゴースト,きあいのタスキ
775,8,356,2008.65,ハバタクカミ,0987-00,ハバタクカミ,,ゴースト,フェアリー,パラドックス,フェアリー,こだわりメガネ
776,8,356,2008.65,コノヨザル,0979-00,コノヨザル,,かくとう,ゴースト,一般,ほのお,とつげきチョッキ
777,8,356,2008.65,カイリュー,0149-00,カイリュー,,ドラゴン,ひこう,一般,ひこう,するどいくちばし
778,8,356,2008.65,キノガッサ,0286-00,キノガッサ,,くさ,かくとう,一般,ほのお,いかさまダイス
779,8,356,2008.65,テツノツツミ,0991-00,テツノツツミ,,こおり,みず,パラドックス,ゴースト,ブーストエナジー
780,8,357,2008.552,デカヌチャン,0959-00,デカヌチャン,,フェアリー,はがね,一般,ひこう,オボンのみ
781,8,357,2008.552,イダイトウ(メス),0902-01,イダイトウ,メスのすがた,みず,ゴースト,一般,こおり,とつげきチョッキ
782,8,357,2008.552,ウインディ(ヒスイ),0059-01,ウインディ,ヒスイのすがた,ほのお,いわ,一般,くさ,きあいのタスキ
783,8,357,2008.552,ボルトロス(れいじゅう),0642-01,ボルトロス,れいじゅうフォルム,でんき,ひこう,準伝説,ひこう,こだわりスカーフ
784,8,357,2008.552,ママンボウ,0594-00,ママンボウ,,みず,,一般,フェアリー,ゴツゴツメット
785,8,357,2008.552,ガチグマ,0901-00,ガチグマ,,じめん,ノーマル,一般,はがね,たべのこし
786,8,369,2007.613,パオジアン,1002-00,パオジアン,,あく,こおり,準伝説,ゴースト,きあいのタスキ
787,8,369,2007.613,ハリーマン,0904-00,ハリーマン,,あく,どく,一般,みず,たべのこし
788,8,369,2007.613,ボルトロス(れいじゅう),0642-01,ボルトロス,れいじゅうフォルム,でんき,ひこう,準伝説,みず,いのちのたま
789,8,369,2007.613,ドドゲザン,0983-00,ドドゲザン,,あく,はがね,一般,フェアリー,とつげきチョッキ
790,8,369,2007.613,ヘイラッシャ,0977-00,ヘイラッシャ,,みず,,一般,くさ,オボンのみ
791,8,369,2007.613,ミミッキュ,0778-00,ミミッキュ,ばけたすがた,ゴースト,フェアリー,一般,フェアリー,でんきだま
792,8,372,2007.441,カバルドン,0450-00,カバルドン,,じめん,,一般,はがね,オボンのみ
793,8,372,2007.441,トドロクツキ,1005-00,トドロクツキ,,ドラゴン,あく,パラドックス,ひこう,ブーストエナジー
794,8,372,2007.441,ハバタクカミ,0987-00,ハバタクカミ,,ゴースト,フェアリー,パラドックス,フェアリー,こだわりスカーフ
795,8,372,2007.441,パオジアン,1002-00,パオジアン,,あく,こおり,準伝説,あく,こだわりハチマキ
796,8,372,2007.441,ウルガモス,0637-00,ウルガモス,,むし,ほのお,一般,みず,あつぞこブーツ
797,8,372,2007.441,ドヒドイデ,0748-00,ドヒドイデ,,どく,みず,一般,くさ,たべのこし
798,8,374,2007.281,コノヨザル,0979-00,コノヨザル,,かくとう,ゴースト,一般,でんき,とつげきチョッキ
799,8,374,2007.281,スナノケガワ,0989-00,スナノケガワ,,でんき,じめん,パラドックス,こおり,ブーストエナジー
800,8,374,2007.281,サーフゴー,1000-00,サーフゴー,,はがね,ゴースト,一般,かくとう,こうかくレンズ
801,8,374,2007.281,イダイトウ(オス),0902-00,イダイトウ,オスのすがた,みず,ゴースト,一般,みず,しんぴのしずく
802,8,374,2007.281,ミミッキュ,0778-00,ミミッキュ,ばけたすがた,ゴースト,フェアリー,一般,ゴースト,いのちのたま
803,8,374,2007.281,ガチグマ,0901-00,ガチグマ,,じめん,ノーマル,一般,フェアリー,おんみつマント
804,8,377,2007.084,ディンルー,1003-00,ディンルー,,あく,じめん,準伝説,どく,オボンのみ
805,8,377,2007.084,カイリュー,0149-00,カイリュー,,ドラゴン,ひこう,一般,ノーマル,たべのこし
806,8,377,2007.084,サーフゴー,1000-00,サーフゴー,,はがね,ゴースト,一般,みず,こだわりメガネ
807,8,377,2007.084,パオジアン,1002-00,パオジアン,,あく,こおり,準伝説,ゴースト,きあいのタスキ
808,8,377,2007.084,ハバタクカミ,0987-00,ハバタクカミ,,ゴースト,フェアリー,パラドックス,みず,ブーストエナジー
809,8,377,2007.084,ウーラオス(れんげき),0892-01,ウーラオス,れんげきのかた,かくとう,みず,準伝説,どく,こだわりハチマキ
810,8,379,2006.833,テツノツツミ,0991-00,テツノツツミ,,こおり,みず,パラドックス,ゴースト,きあいのタスキ
811,8,379,2006.833,オオニューラ,0903-00,オオニューラ,,かくとう,どく,一般,ゴースト,ふうせん
812,8,379,2006.833,ガチグマ,0901-00,ガチグマ,,じめん,ノーマル,一般,みず,かえんだま
813,8,379,2006.833,テツノブジン,1006-00,テツノブジン,,フェアリー,かくとう,パラドックス,はがね,ブーストエナジー
814,8,379,2006.833,ヒードラン,0485-00,ヒードラン,,ほのお,はがね,準伝説,くさ,オボンのみ
815,8,379,2006.833,サーフゴー,1000-00,サーフゴー,,はがね,ゴースト,一般,ひこう,おんみつマント
816,8,386,2006.361,パオジアン,1002-00,パオジアン,,あく,こおり,準伝説,ゴースト,きあいのタスキ
817,8,386,2006.361,ディンルー,1003-00,ディンルー,,あく,じめん,準伝説,みず,オボンのみ
818,8,386,2006.361,ハバタクカミ,0987-00,ハバタクカミ,,ゴースト,フェアリー,パラドックス,フェアリー,こだわりメガネ
819,8,386,2006.361,ウーラオス(れんげき),0892-01,ウーラオス,れんげきのかた,かくとう,みず,準伝説,みず,いのちのたま
820,8,386,2006.361,カイリュー,0149-00,カイリュー,,ドラゴン,ひこう,一般,ノーマル,ゴツゴツメット
821,8,386,2006.361,モロバレル,0591-00,モロバレル,,くさ,どく,一般,みず,だっしゅつパック
822,8,387,2006.299,カイリュー,0149-00,カイリュー,,ドラゴン,ひこう,一般,ひこう,こだわりハチマキ
823,8,387,2006.299,ハッサム,0212-00,ハッサム,,むし,はがね,一般,あく,オボンのみ
824,8,387,2006.299,ランドロス(れいじゅう),0645-01,ランドロス,れいじゅうフォルム,じめん,ひこう,準伝説,フェアリー,こだわりスカーフ
825,8,387,2006.299,ハバタクカミ,0987-00,ハバタクカミ,,ゴースト,フェアリー,パラドックス,みず,こだわりメガネ
826,8,387,2006.299,テツノカイナ,0992-00,テツノカイナ,,かくとう,でんき,パラドックス,くさ,とつげきチョッキ
827,8,387,2006.299,テツノツツミ,0991-00,テツノツツミ,,こおり,みず,パラドックス,ゴースト,きあいのタスキ
828,8,388,2006.233,ディンルー,1003-00,ディンルー,,あく,じめん,準伝説,フェアリー,オボンのみ
829,8,388,2006.233,カイリュー,0149-00,カイリュー,,ドラゴン,ひこう,一般,ノーマル,たべのこし
830,8,388,2006.233,サーフゴー,1000-00,サーフゴー,,はがね,ゴースト,一般,はがね,こだわりメガネ
831,8,388,2006.233,ゴリランダー,0812-00,ゴリランダー,,くさ,,一般,くさ,きあいのタスキ
832,8,388,2006.233,オオニューラ,0903-00,オオニューラ,,かくとう,どく,一般,ゴースト,グラスシード
833,8,388,2006.233,ハバタクカミ,0987-00,ハバタクカミ,,ゴースト,フェアリー,パラドックス,みず,ブーストエナジー
834,8,389,2006.19,レジエレキ,0894-00,レジエレキ,,でんき,,準伝説,こおり,ひかりのねんど
835,8,389,2006.19,パオジアン,1002-00,パオジアン,,あく,こおり,準伝説,かくとう,きあいのタスキ
836,8,389,2006.19,ドオー,0980-00,ドオー,,どく,じめん,一般,みず,おんみつマント
837,8,389,2006.19,サーフゴー,1000-00,サーフゴー,,はがね,ゴースト,一般,みず,たべのこし
838,8,389,2006.19,ウーラオス(いちげき),0892-00,ウーラオス,いちげきのかた,かくとう,あく,準伝説,はがね,こだわりハチマキ
839,8,389,2006.19,ハバタクカミ,0987-00,ハバタクカミ,,ゴースト,フェアリー,パラドックス,フェアリー,ブーストエナジー
840,8,393,2006.016,オオニューラ,0903-00,オオニューラ,,かくとう,どく,一般,こおり,きあいのタスキ
841,8,393,2006.016,ハリーマン,0904-00,ハリーマン,,あく,どく,一般,みず,たべのこし
842,8,393,2006.016,テツノドクガ,0994-00,テツノドクガ,,ほのお,どく,パラドックス,みず,ブーストエナジー
843,8,393,2006.016,キラフロル,0970-00,キラフロル,,いわ,どく,一般,じめん,オボンのみ
844,8,393,2006.016,ヤドキング(ガラル),0199-01,ヤドキング,ガラルのすがた,どく,エスパー,一般,エスパー,くろいヘドロ
845,8,393,2006.016,モロバレル,0591-00,モロバレル,,くさ,どく,一般,みず,バコウのみ
846,8,394,2005.983,イーユイ,1004-00,イーユイ,,あく,ほのお,準伝説,ゴースト,こだわりメガネ
847,8,394,2005.983,ウーラオス(いちげき),0892-00,ウーラオス,いちげきのかた,かくとう,あく,準伝説,あく,きあいのタスキ
848,8,394,2005.983,キョジオーン,0934-00,キョジオーン,,いわ,,一般,どく,たべのこし
849,8,394,2005.983,テツノツツミ,0991-00,テツノツツミ,,こおり,みず,パラドックス,ゴースト,ブーストエナジー
850,8,394,2005.983,カイリュー,0149-00,カイリュー,,ドラゴン,ひこう,一般,みず,ゴツゴツメット
851,8,394,2005.983,キラフロル,0970-00,キラフロル,,いわ,どく,一般,くさ,とつげきチョッキ
852,8,396,2005.779,カイリュー,0149-00,カイリュー,,ドラゴン,ひこう,一般,ひこう,ラムのみ
853,8,396,2005.779,ミミッキュ,0778-00,ミミッキュ,ばけたすがた,ゴースト,フェアリー,一般,フェアリー,いのちのたま
854,8,396,2005.779,ウーラオス(れんげき),0892-01,ウーラオス,れんげきのかた,かくとう,みず,準伝説,どく,パンチグローブ
855,8,396,2005.779,イダイトウ(メス),0902-01,イダイトウ,メスのすがた,みず,ゴースト,一般,みず,きあいのタスキ
856,8,396,2005.779,ハバタクカミ,0987-00,ハバタクカミ,,ゴースト,フェアリー,パラドックス,でんき,ブーストエナジー
857,8,396,2005.779,ガチグマ,0901-00,ガチグマ,,じめん,ノーマル,一般,ゴースト,かえんだま
858,8,401,2005.45,ハバタクカミ,0987-00,ハバタクカミ,,ゴースト,フェアリー,パラドックス,ゴースト,ブーストエナジー
859,8,401,2005.45,カイリュー,0149-00,カイリュー,,ドラゴン,ひこう,一般,ノーマル,おんみつマント
860,8,401,2005.45,ガチグマ,0901-00,ガチグマ,,じめん,ノーマル,一般,どく,かえんだま
861,8,401,2005.45,ヒードラン,0485-00,ヒードラン,,ほのお,はがね,準伝説,ひこう,とつげきチョッキ
862,8,401,2005.45,キノガッサ,0286-00,キノガッサ,,くさ,かくとう,一般,ゴースト,きあいのタスキ
863,8,401,2005.45,テツノツツミ,0991-00,テツノツツミ,,こおり,みず,パラドックス,フェアリー,ゴツゴツメット
864,8,418,2003.759,キョジオーン,0934-00,キョジオーン,,いわ,,一般,ゴースト,たべのこし
865,8,418,2003.759,カイリュー,0149-00,カイリュー,,ドラゴン,ひこう,一般,ノーマル,ゴツゴツメット
866,8,418,2003.759,サーフゴー,1000-00,サーフゴー,,はがね,ゴースト,一般,フェアリー,とつげきチョッキ
867,8,418,2003.759,テツノツツミ,0991-00,テツノツツミ,,こおり,みず,パラドックス,みず,こだわりメガネ
868,8,418,2003.759,マスカーニャ,0908-00,マスカーニャ,,くさ,あく,一般,ゴースト,こだわりスカーフ
869,8,418,2003.759,ディンルー,1003-00,ディンルー,,あく,じめん,準伝説,どく,オボンのみ
870,8,422,2003.569,マリルリ,0184-00,マリルリ,,みず,フェアリー,一般,みず,オボンのみ
871,8,422,2003.569,テツノツツミ,0991-00,テツノツツミ,,こおり,みず,パラドックス,ゴースト,ブーストエナジー
872,8,422,2003.569,ガブリアス,0445-00,ガブリアス,,ドラゴン,じめん,一般,はがね,とつげきチョッキ
873,8,422,2003.569,パオジアン,1002-00,パオジアン,,あく,こおり,準伝説,ゴースト,くろいメガネ
874,8,422,2003.569,ニンフィア,0700-00,ニンフィア,,フェアリー,,一般,みず,たべのこし
875,8,422,2003.569,サーフゴー,1000-00,サーフゴー,,はがね,ゴースト,一般,ゴースト,こだわりメガネ
876,8,425,2003.241,バンギラス,0248-00,バンギラス,,いわ,あく,一般,はがね,ヨプのみ
877,8,425,2003.241,ランドロス(れいじゅう),0645-01,ランドロス,れいじゅうフォルム,じめん,ひこう,準伝説,はがね,とつげきチョッキ
878,8,425,2003.241,カイリュー,0149-00,カイリュー,,ドラゴン,ひこう,一般,フェアリー,たべのこし
879,8,425,2003.241,サーフゴー,1000-00,サーフゴー,,はがね,ゴースト,一般,ひこう,こだわりメガネ
880,8,425,2003.241,ハバタクカミ,0987-00,ハバタクカミ,,ゴースト,フェアリー,パラドックス,みず,ブーストエナジー
881,8,425,2003.241,ハッサム,0212-00,ハッサム,,むし,はがね,一般,ノーマル,ゴツゴツメット
882,8,427,2003.166,ゾロアーク(ヒスイ),0571-01,ゾロアーク,ヒスイのすがた,ノーマル,ゴースト,一般,ノーマル,こだわりメガネ
883,8,427,2003.166,クレッフィ,0707-00,クレッフィ,,はがね,フェアリー,一般,ひこう,ひかりのねんど
884,8,427,2003.166,ウーラオス(れんげき),0892-01,ウーラオス,れんげきのかた,かくとう,みず,準伝説,はがね,パンチグローブ
885,8,427,2003.166,ハリーマン,0904-00,ハリーマン,,あく,どく,一般,みず,たべのこし
886,8,427,2003.166,セグレイブ,0998-00,セグレイブ,,ドラゴン,こおり,一般,こおり,こだわりハチマキ
887,8,427,2003.166,ハバタクカミ,0987-00,ハバタクカミ,,ゴースト,フェアリー,パラドックス,みず,ブーストエナジー
888,8,430,2002.779,ゾロアーク(ヒスイ),0571-01,ゾロアーク,ヒスイのすがた,ノーマル,ゴースト,一般,ゴースト,きあいのタスキ
889,8,430,2002.779,ハバタクカミ,0987-00,ハバタクカミ,,ゴースト,フェアリー,パラドックス,みず,ブーストエナジー
890,8,430,2002.779,ガブリアス,0445-00,ガブリアス,,ドラゴン,じめん,一般,はがね,オボンのみ
891,8,430,2002.779,テツノツツミ,0991-00,テツノツツミ,,こおり,みず,パラドックス,はがね,いのちのたま
892,8,430,2002.779,キノガッサ,0286-00,キノガッサ,,くさ,かくとう,一般,ほのお,いかさまダイス
893,8,430,2002.779,カイリュー,0149-00,カイリュー,,ドラゴン,ひこう,一般,みず,たべのこし
894,8,432,2002.732,ゴリランダー,0812-00,ゴリランダー,,くさ,,一般,くさ,でんきだま
895,8,432,2002.732,フワライド,0426-00,フワライド,,ゴースト,ひこう,一般,あく,グラスシード
896,8,432,2002.732,サーフゴー,1000-00,サーフゴー,,はがね,ゴースト,一般,みず,たべのこし
897,8,432,2002.732,ウーラオス(れんげき),0892-01,ウーラオス,れんげきのかた,かくとう,みず,準伝説,でんき,きあいのタスキ
898,8,432,2002.732,アーマーガア,0823-00,アーマーガア,,ひこう,はがね,一般,あく,ひかりのこな
899,8,432,2002.732,テツノツツミ,0991-00,テツノツツミ,,こおり,みず,パラドックス,ゴースト,ブーストエナジー
900,8,443,2002.41,スナノケガワ,0989-00,スナノケガワ,,でんき,じめん,パラドックス,こおり,ブーストエナジー
901,8,443,2002.41,ペリッパー,0279-00,ペリッパー,,みず,ひこう,一般,じめん,しめったいわ
902,8,443,2002.41,イダイトウ(オス),0902-00,イダイトウ,オスのすがた,みず,ゴースト,一般,みず,いのちのたま
903,8,443,2002.41,ゴリランダー,0812-00,ゴリランダー,,くさ,,一般,くさ,とつげきチョッキ
904,8,443,2002.41,オオニューラ,0903-00,オオニューラ,,かくとう,どく,一般,ゴースト,グラスシード
905,8,443,2002.41,ウインディ(ヒスイ),0059-01,ウインディ,ヒスイのすがた,ほのお,いわ,一般,くさ,きあいのタスキ
906,8,449,2001.902,マスカーニャ,0908-00,マスカーニャ,,くさ,あく,一般,ゴースト,きあいのタスキ
907,8,449,2001.902,カイリュー,0149-00,カイリュー,,ドラゴン,ひこう,一般,ひこう,ラムのみ
908,8,449,2001.902,ヒードラン,0485-00,ヒードラン,,ほのお,はがね,準伝説,フェアリー,ゴツゴツメット
909,8,449,2001.902,ミミッキュ,0778-00,ミミッキュ,ばけたすがた,ゴースト,フェアリー,一般,ゴースト,のろいのおふだ
910,8,449,2001.902,ディンルー,1003-00,ディンルー,,あく,じめん,準伝説,どく,たべのこし
911,8,449,2001.902,イダイトウ(オス),0902-00,イダイトウ,オスのすがた,みず,ゴースト,一般,みず,しんぴのしずく
912,8,457,2001.574,ディンルー,1003-00,ディンルー,,あく,じめん,準伝説,どく,オボンのみ
913,8,457,2001.574,カイリュー,0149-00,カイリュー,,ドラゴン,ひこう,一般,ひこう,するどいくちばし
914,8,457,2001.574,サーフゴー,1000-00,サーフゴー,,はがね,ゴースト,一般,はがね,こだわりスカーフ
915,8,457,2001.574,パオジアン,1002-00,パオジアン,,あく,こおり,準伝説,ゴースト,きあいのタスキ
916,8,457,2001.574,テツノツツミ,0991-00,テツノツツミ,,こおり,みず,パラドックス,ゴースト,ブーストエナジー
917,8,457,2001.574,ハバタクカミ,0987-00,ハバタクカミ,,ゴースト,フェアリー,パラドックス,フェアリー,こだわりメガネ
918,8,458,2001.51,カイリュー,0149-00,カイリュー,,ドラゴン,ひこう,一般,ひこう,するどいくちばし
919,8,458,2001.51,サーフゴー,1000-00,サーフゴー,,はがね,ゴースト,一般,ひこう,ふうせん
920,8,458,2001.51,ミミッキュ,0778-00,ミミッキュ,ばけたすがた,ゴースト,フェアリー,一般,フェアリー,いのちのたま
921,8,458,2001.51,テツノツツミ,0991-00,テツノツツミ,,こおり,みず,パラドックス,ゴースト,ブーストエナジー
922,8,458,2001.51,ガブリアス,0445-00,ガブリアス,,ドラゴン,じめん,一般,はがね,とつげきチョッキ
923,8,458,2001.51,ヒードラン,0485-00,ヒードラン,,ほのお,はがね,準伝説,フェアリー,オボンのみ
924,8,460,2001.361,パオジアン,1002-00,パオジアン,,あく,こおり,準伝説,フェアリー,こだわりスカーフ
925,8,460,2001.361,ヘイラッシャ,0977-00,ヘイラッシャ,,みず,,一般,くさ,たべのこし
926,8,460,2001.361,イーユイ,1004-00,イーユイ,,あく,ほのお,準伝説,くさ,きあいのタスキ
927,8,460,2001.361,ガチグマ,0901-00,ガチグマ,,じめん,ノーマル,一般,みず,かえんだま
928,8,460,2001.361,サーフゴー,1000-00,サーフゴー,,はがね,ゴースト,一般,かくとう,おんみつマント
929,8,460,2001.361,ミミッキュ,0778-00,ミミッキュ,ばけたすがた,ゴースト,フェアリー,一般,あく,ゴツゴツメット
930,8,463,2001.271,キノガッサ,0286-00,キノガッサ,,くさ,かくとう,一般,ノーマル,どくどくだま
931,8,463,2001.271,ラッキー,0113-00,ラッキー,,ノーマル,,一般,あく,しんかのきせき
932,8,463,2001.271,ヘイラッシャ,0977-00,ヘイラッシャ,,みず,,一般,フェアリー,たべのこし
933,8,463,2001.271,トドロクツキ,1005-00,トドロクツキ,,ドラゴン,あく,パラドックス,はがね,あつぞこブーツ
934,8,463,2001.271,ミミズズ,0968-00,ミミズズ,,はがね,,一般,ゴースト,ゴツゴツメット
935,8,463,2001.271,ドヒドイデ,0748-00,ドヒドイデ,,どく,みず,一般,フェアリー,おんみつマント
936,8,468,2000.574,パオジアン,1002-00,パオジアン,,あく,こおり,準伝説,フェアリー,こだわりスカーフ
937,8,468,2000.574,ハバタクカミ,0987-00,ハバタクカミ,,ゴースト,フェアリー,パラドックス,フェアリー,こだわりメガネ
938,8,468,2000.574,ヘイラッシャ,0977-00,ヘイラッシャ,,みず,,一般,はがね,たべのこし
939,8,468,2000.574,ヒードラン,0485-00,ヒードラン,,ほのお,はがね,準伝説,くさ,とつげきチョッキ
940,8,468,2000.574,ガブリアス,0445-00,ガブリアス,,ドラゴン,じめん,一般,ほのお,おんみつマント
941,8,468,2000.574,カイリュー,0149-00,カイリュー,,ドラゴン,ひこう,一般,ひこう,こだわりハチマキ
942,8,469,2000.33,ガブリアス,0445-00,ガブリアス,,ドラゴン,じめん,一般,はがね,オボンのみ
943,8,469,2000.33,カイリュー,0149-00,カイリュー,,ドラゴン,ひこう,一般,ひこう,たべのこし
944,8,469,2000.33,サーフゴー,1000-00,サーフゴー,,はがね,ゴースト,一般,みず,おんみつマント
945,8,469,2000.33,レジエレキ,0894-00,レジエレキ,,でんき,,準伝説,ゴースト,ひかりのねんど
946,8,469,2000.33,ハバタクカミ,0987-00,ハバタクカミ,,ゴースト,フェアリー,パラドックス,みず,ブーストエナジー
947,8,469,2000.33,ウーラオス(れんげき),0892-01,ウーラオス,れんげきのかた,かくとう,みず,準伝説,どく,パンチグローブ
948,8,474,2000.024,オオニューラ,0903-00,オオニューラ,,かくとう,どく,一般,どく,きあいのタスキ
949,8,474,2000.024,イダイトウ(メス),0902-01,イダイトウ,メスのすがた,みず,ゴースト,一般,フェアリー,カシブのみ
950,8,474,2000.024,ドドゲザン,0983-00,ドドゲザン,,あく,はがね,一般,フェアリー,こだわりハチマキ
951,8,474,2000.024,コノヨザル,0979-00,コノヨザル,,かくとう,ゴースト,一般,はがね,とつげきチョッキ
952,8,474,2000.024,サンダー,0145-00,サンダー,,でんき,ひこう,準伝説,ほのお,こだわりメガネ
953,8,474,2000.024,テツノブジン,1006-00,テツノブジン,,フェアリー,かくとう,パラドックス,でんき,ブーストエナジー
954,8,486,1992.827,ドヒドイデ,0748-00,ドヒドイデ,,どく,みず,一般,フェアリー,メンタルハーブ
955,8,486,1992.827,ラッキー,0113-00,ラッキー,,ノーマル,,一般,あく,しんかのきせき
956,8,486,1992.827,ヘイラッシャ,0977-00,ヘイラッシャ,,みず,,一般,フェアリー,たべのこし
957,8,486,1992.827,ミミズズ,0968-00,ミミズズ,,はがね,,一般,ゴースト,ゴツゴツメット
958,8,486,1992.827,ゴチルゼル,0576-00,ゴチルゼル,,エスパー,,一般,ひこう,こだわりスカーフ
959,8,486,1992.827,サーフゴー,1000-00,サーフゴー,,はがね,ゴースト,一般,ひこう,おんみつマント
960,8,503,1984.373,マスカーニャ,0908-00,マスカーニャ,,くさ,あく,一般,くさ,きあいのタスキ
961,8,503,1984.373,ハバタクカミ,0987-00,ハバタクカミ,,ゴースト,フェアリー,パラドックス,フェアリー,ブーストエナジー
962,8,503,1984.373,カイリュー,0149-00,カイリュー,,ドラゴン,ひこう,一般,ひこう,ラムのみ
963,8,503,1984.373,ウインディ,0059-00,ウインディ,,ほのお,,一般,ノーマル,あつぞこブーツ
964,8,503,1984.373,ウーラオス(いちげき),0892-00,ウーラオス,いちげきのかた,かくとう,あく,準伝説,はがね,こだわりハチマキ
965,8,503,1984.373,ヒードラン,0485-00,ヒードラン,,ほのお,はがね,準伝説,フェアリー,ふうせん
966,8,519,1978.754,カイリュー,0149-00,カイリュー,,ドラゴン,ひこう,一般,みず,たべのこし
967,8,519,1978.754,イーユイ,1004-00,イーユイ,,あく,ほのお,準伝説,ゴースト,こだわりスカーフ
968,8,519,1978.754,キノガッサ,0286-00,キノガッサ,,くさ,かくとう,一般,ゴースト,いかさまダイス
969,8,519,1978.754,ヌメルゴン(ヒスイ),0706-01,ヌメルゴン,ヒスイのすがた,はがね,ドラゴン,一般,フェアリー,とつげきチョッキ
970,8,519,1978.754,パオジアン,1002-00,パオジアン,,あく,こおり,準伝説,ゴースト,きあいのタスキ
971,8,519,1978.754,ハバタクカミ,0987-00,ハバタクカミ,,ゴースト,フェアリー,パラドックス,みず,ブーストエナジー
972,8,568,1965.333,ディンルー,1003-00,ディンルー,,あく,じめん,準伝説,はがね,オボンのみ
973,8,568,1965.333,カイリュー,0149-00,カイリュー,,ドラゴン,ひこう,一般,ノーマル,たべのこし
974,8,568,1965.333,サーフゴー,1000-00,サーフゴー,,はがね,ゴースト,一般,みず,ゴツゴツメット
975,8,568,1965.333,パオジアン,1002-00,パオジアン,,あく,こおり,準伝説,でんき,ラムのみ
976,8,568,1965.333,ハバタクカミ,0987-00,ハバタクカミ,,ゴースト,フェアリー,パラドックス,フェアリー,ブーストエナジー
977,8,568,1965.333,オオニューラ,0903-00,オオニューラ,,かくとう,どく,一般,ゴースト,レッドカード
978,8,596,1958.928,イーユイ,1004-00,イーユイ,,あく,ほのお,準伝説,くさ,とつげきチョッキ
979,8,596,1958.928,コノヨザル,0979-00,コノヨザル,,かくとう,ゴースト,一般,どく,たべのこし
980,8,596,1958.928,ガチグマ,0901-00,ガチグマ,,じめん,ノーマル,一般,みず,かえんだま
981,8,596,1958.928,テツノツツミ,0991-00,テツノツツミ,,こおり,みず,パラドックス,こおり,ブーストエナジー
982,8,596,1958.928,ミミッキュ,0778-00,ミミッキュ,ばけたすがた,ゴースト,フェアリー,一般,ゴースト,ひかりのこな
983,8,596,1958.928,オーロンゲ,0861-00,オーロンゲ,,あく,フェアリー,一般,あく,ひかりのねんど
984,8,611,1957.459,カイリュー,0149-00,カイリュー,,ドラゴン,ひこう,一般,ひこう,ラムのみ
985,8,611,1957.459,ウーラオス(れんげき),0892-01,ウーラオス,れんげきのかた,かくとう,みず,準伝説,フェアリー,パンチグローブ
986,8,611,1957.459,ハバタクカミ,0987-00,ハバタクカミ,,ゴースト,フェアリー,パラドックス,みず,ブーストエナジー
987,8,611,1957.459,ランドロス(れいじゅう),0645-01,ランドロス,れいじゅうフォルム,じめん,ひこう,準伝説,みず,オボンのみ
988,8,611,1957.459,テツノツツミ,0991-00,テツノツツミ,,こおり,みず,パラドックス,フェアリー,ゴツゴツメット
989,8,611,1957.459,ヌメルゴン(ヒスイ),0706-01,ヌメルゴン,ヒスイのすがた,はがね,ドラゴン,一般,ひこう,とつげきチョッキ
990,8,620,1955.855,ゲッコウガ,0658-00,ゲッコウガ,,みず,あく,一般,ゴースト,きあいのタスキ
991,8,620,1955.855,ボルトロス(れいじゅう),0642-01,ボルトロス,れいじゅうフォルム,でんき,ひこう,準伝説,ひこう,とつげきチョッキ
992,8,620,1955.855,ヒードラン,0485-00,ヒードラン,,ほのお,はがね,準伝説,くさ,オボンのみ
993,8,620,1955.855,サーフゴー,1000-00,サーフゴー,,はがね,ゴースト,一般,はがね,こだわりメガネ
994,8,620,1955.855,カイリュー,0149-00,カイリュー,,ドラゴン,ひこう,一般,ノーマル,たべのこし
995,8,620,1955.855,テツノツツミ,0991-00,テツノツツミ,,こおり,みず,パラドックス,ゴースト,ブーストエナジー
996,8,626,1955.153,ペリッパー,0279-00,ペリッパー,,みず,ひこう,一般,じめん,しめったいわ
997,8,626,1955.153,イダイトウ(オス),0902-00,イダイトウ,オスのすがた,みず,ゴースト,一般,フェアリー,こだわりハチマキ
998,8,626,1955.153,キョジオーン,0934-00,キョジオーン,,いわ,,一般,どく,レッドカード
999,8,626,1955.153,ハッサム,0212-00,ハッサム,,むし,はがね,一般,くさ,オボンのみ
1000,8,626,1955.153,ミミッキュ,0778-00,ミミッキュ,ばけたすがた,ゴースト,フェアリー,一般,ゴースト,ふうせん
1001,8,626,1955.153,テツノツツミ,0991-00,テツノツツミ,,こおり,みず,パラドックス,こおり,ブーストエナジー
1002,8,633,1954.708,セグレイブ,0998-00,セグレイブ,,ドラゴン,こおり,一般,フェアリー,とつげきチョッキ
1003,8,633,1954.708,ハバタクカミ,0987-00,ハバタクカミ,,ゴースト,フェアリー,パラドックス,フェアリー,こだわりメガネ
1004,8,633,1954.708,ヘイラッシャ,0977-00,ヘイラッシャ,,みず,,一般,フェアリー,たべのこし
1005,8,633,1954.708,イダイナキバ,0984-00,イダイナキバ,,じめん,かくとう,パラドックス,はがね,きあいのタスキ
1006,8,633,1954.708,カイリュー,0149-00,カイリュー,,ドラゴン,ひこう,一般,フェアリー,ゴツゴツメット
1007,8,633,1954.708,サーフゴー,1000-00,サーフゴー,,はがね,ゴースト,一般,かくとう,おんみつマント
1008,8,695,1944.499,バクフーン,0157-00,バクフーン,,ほのお,,一般,くさ,ゴツゴツメット
1009,8,695,1944.499,ウーラオス(いちげき),0892-00,ウーラオス,いちげきのかた,かくとう,あく,準伝説,あく,こだわりハチマキ
1010,8,695,1944.499,ハバタクカミ,0987-00,ハバタクカミ,,ゴースト,フェアリー,パラドックス,ノーマル,きあいのタスキ
1011,8,695,1944.499,ヌメルゴン(ヒスイ),0706-01,ヌメルゴン,ヒスイのすがた,はがね,ドラゴン,一般,フェアリー,とつげきチョッキ
1012,8,695,1944.499,ガチグマ,0901-00,ガチグマ,,じめん,ノーマル,一般,みず,かえんだま
1013,8,695,1944.499,クレセリア,0488-00,クレセリア,,エスパー,,準伝説,どく,おんみつマント
1014,8,702,1943.634,トドロクツキ,1005-00,トドロクツキ,,ドラゴン,あく,パラドックス,はがね,ブーストエナジー
1015,8,702,1943.634,ドラパルト,0887-00,ドラパルト,,ドラゴン,ゴースト,一般,はがね,ラムのみ
1016,8,702,1943.634,ガブリアス,0445-00,ガブリアス,,ドラゴン,じめん,一般,みず,おんみつマント
1017,8,702,1943.634,セグレイブ,0998-00,セグレイブ,,ドラゴン,こおり,一般,フェアリー,とつげきチョッキ
1018,8,702,1943.634,ヌメルゴン(ヒスイ),0706-01,ヌメルゴン,ヒスイのすがた,はがね,ドラゴン,一般,むし,きあいのタスキ
1019,8,702,1943.634,カイリュー,0149-00,カイリュー,,ドラゴン,ひこう,一般,ゴースト,あつぞこブーツ
1020,8,709,1943.24,ガブリアス,0445-00,ガブリアス,,ドラゴン,じめん,一般,ほのお,ラムのみ
1021,8,709,1943.24,カイリュー,0149-00,カイリュー,,ドラゴン,ひこう,一般,ノーマル,こだわりハチマキ
1022,8,709,1943.24,ヌメルゴン(ヒスイ),0706-01,ヌメルゴン,ヒスイのすがた,はがね,ドラゴン,一般,フェアリー,とつげきチョッキ
1023,8,709,1943.24,サンダー,0145-00,サンダー,,でんき,ひこう,準伝説,はがね,ゴツゴツメット
1024,8,709,1943.24,ハバタクカミ,0987-00,ハバタクカミ,,ゴースト,フェアリー,パラドックス,みず,こだわりメガネ
1025,8,709,1943.24,パオジアン,1002-00,パオジアン,,あく,こおり,準伝説,フェアリー,こだわりスカーフ
1026,8,718,1942.805,ランドロス(れいじゅう),0645-01,ランドロス,れいじゅうフォルム,じめん,ひこう,準伝説,ひこう,こだわりスカーフ
1027,8,718,1942.805,ヘイラッシャ,0977-00,ヘイラッシャ,,みず,,一般,フェアリー,ゴツゴツメット
1028,8,718,1942.805,ジバコイル,0462-00,ジバコイル,,でんき,はがね,一般,みず,とつげきチョッキ
1029,8,718,1942.805,ハバタクカミ,0987-00,ハバタクカミ,,ゴースト,フェアリー,パラドックス,フェアリー,こだわりメガネ
1030,8,718,1942.805,カイリュー,0149-00,カイリュー,,ドラゴン,ひこう,一般,ひこう,ラムのみ
1031,8,718,1942.805,サーフゴー,1000-00,サーフゴー,,はがね,ゴースト,一般,かくとう,おんみつマント
1032,8,721,1942.388,ニンフィア,0700-00,ニンフィア,,フェアリー,,一般,みず,たべのこし
1033,8,721,1942.388,イーユイ,1004-00,イーユイ,,あく,ほのお,準伝説,ほのお,こだわりメガネ
1034,8,721,1942.388,パオジアン,1002-00,パオジアン,,あく,こおり,準伝説,でんき,ラムのみ
1035,8,721,1942.388,サーフゴー,1000-00,サーフゴー,,はがね,ゴースト,一般,みず,おんみつマント
1036,8,721,1942.388,ウォッシュロトム,0479-02,ロトム,ウォッシュロトム,でんき,みず,一般,はがね,ゴツゴツメット
1037,8,721,1942.388,ランドロス(れいじゅう),0645-01,ランドロス,れいじゅうフォルム,じめん,ひこう,準伝説,ゴースト,きあいのタスキ
1038,8,725,1942.223,パオジアン,1002-00,パオジアン,,あく,こおり,準伝説,フェアリー,こだわりスカーフ
1039,8,725,1942.223,イーユイ,1004-00,イーユイ,,あく,ほのお,準伝説,ほのお,こだわりメガネ
1040,8,725,1942.223,ウーラオス(いちげき),0892-00,ウーラオス,いちげきのかた,かくとう,あく,準伝説,あく,きあいのタスキ
1041,8,725,1942.223,カイリュー,0149-00,カイリュー,,ドラゴン,ひこう,一般,ひこう,おんみつマント
1042,8,725,1942.223,ヘイラッシャ,0977-00,ヘイラッシャ,,みず,,一般,ほのお,たべのこし
1043,8,725,1942.223,ヌメルゴン(ヒスイ),0706-01,ヌメルゴン,ヒスイのすがた,はがね,ドラゴン,一般,フェアリー,とつげきチョッキ
1044,8,729,1941.7,ディンルー,1003-00,ディンルー,,あく,じめん,準伝説,みず,オボンのみ
1045,8,729,1941.7,カイリュー,0149-00,カイリュー,,ドラゴン,ひこう,一般,ノーマル,たべのこし
1046,8,729,1941.7,サーフゴー,1000-00,サーフゴー,,はがね,ゴースト,一般,みず,こだわりメガネ
1047,8,729,1941.7,ミミッキュ,0778-00,ミミッキュ,ばけたすがた,ゴースト,フェアリー,一般,フェアリー,いのちのたま
1048,8,729,1941.7,テツノツツミ,0991-00,テツノツツミ,,こおり,みず,パラドックス,はがね,ブーストエナジー
1049,8,729,1941.7,ヒードラン,0485-00,ヒードラン,,ほのお,はがね,準伝説,フェアリー,とつげきチョッキ
1050,8,734,1941.233,ガブリアス,0445-00,ガブリアス,,ドラゴン,じめん,一般,ほのお,こだわりハチマキ
1051,8,734,1941.233,パオジアン,1002-00,パオジアン,,あく,こおり,準伝説,ゴースト,きあいのタスキ
1052,8,734,1941.233,テツノツツミ,0991-00,テツノツツミ,,こおり,みず,パラドックス,ゴースト,ブーストエナジー
1053,8,734,1941.233,クレセリア,0488-00,クレセリア,,エスパー,,準伝説,でんき,おんみつマント
1054,8,734,1941.233,ウォッシュロトム,0479-02,ロトム,ウォッシュロトム,でんき,みず,一般,はがね,ゴツゴツメット
1055,8,734,1941.233,カイリュー,0149-00,カイリュー,,ドラゴン,ひこう,一般,ノーマル,あつぞこブーツ
1056,8,742,1940.795,ガチグマ,0901-00,ガチグマ,,じめん,ノーマル,一般,みず,かえんだま
1057,8,742,1940.795,ハバタクカミ,0987-00,ハバタクカミ,,ゴースト,フェアリー,パラドックス,フェアリー,こだわりメガネ
1058,8,742,1940.795,カイリュー,0149-00,カイリュー,,ドラゴン,ひこう,一般,ひこう,こだわりハチマキ
1059,8,742,1940.795,テツノツツミ,0991-00,テツノツツミ,,こおり,みず,パラドックス,ゴースト,ブーストエナジー
1060,8,742,1940.795,ハッサム,0212-00,ハッサム,,むし,はがね,一般,くさ,オボンのみ
1061,8,742,1940.795,イーユイ,1004-00,イーユイ,,あく,ほのお,準伝説,くさ,こだわりスカーフ
1062,8,746,1940.542,ピカチュウ,0025-00,ピカチュウ,,でんき,,一般,こおり,でんきだま
1063,8,746,1940.542,ペリッパー,0279-00,ペリッパー,,みず,ひこう,一般,はがね,しめったいわ
1064,8,746,1940.542,イダイトウ(オス),0902-00,イダイトウ,オスのすがた,みず,ゴースト,一般,みず,いのちのたま
1065,8,746,1940.542,バサギリ,0900-00,バサギリ,,むし,いわ,一般,むし,きあいのタスキ
1066,8,746,1940.542,コノヨザル,0979-00,コノヨザル,,かくとう,ゴースト,一般,はがね,ロゼルのみ
1067,8,746,1940.542,セグレイブ,0998-00,セグレイブ,,ドラゴン,こおり,一般,フェアリー,いかさまダイス
1068,8,759,1939.792,ガブリアス,0445-00,ガブリアス,,ドラゴン,じめん,一般,ほのお,おんみつマント
1069,8,759,1939.792,ハバタクカミ,0987-00,ハバタクカミ,,ゴースト,フェアリー,パラドックス,フェアリー,こだわりメガネ
1070,8,759,1939.792,ゴリランダー,0812-00,ゴリランダー,,くさ,,一般,はがね,とつげきチョッキ
1071,8,759,1939.792,サンダー,0145-00,サンダー,,でんき,ひこう,準伝説,みず,オボンのみ
1072,8,759,1939.792,ウーラオス(れんげき),0892-01,ウーラオス,れんげきのかた,かくとう,みず,準伝説,みず,こだわりスカーフ
1073,8,759,1939.792,ヒードラン,0485-00,ヒードラン,,ほのお,はがね,準伝説,くさ,たべのこし
1074,8,773,1938.599,カイリュー,0149-00,カイリュー,,ドラゴン,ひこう,一般,ノーマル,あつぞこブーツ
1075,8,773,1938.599,キノガッサ,0286-00,キノガッサ,,くさ,かくとう,一般,いわ,きあいのタスキ
1076,8,773,1938.599,ガブリアス,0445-00,ガブリアス,,ドラゴン,じめん,一般,フェアリー,こだわりハチマキ
1077,8,773,1938.599,ヒードラン,0485-00,ヒードラン,,ほのお,はがね,準伝説,くさ,とつげきチョッキ
1078,8,773,1938.599,ウーラオス(れんげき),0892-01,ウーラオス,れんげきのかた,かくとう,みず,準伝説,どく,こだわりスカーフ
1079,8,773,1938.599,テツノツツミ,0991-00,テツノツツミ,,こおり,みず,パラドックス,ゴースト,ブーストエナジー
1080,8,778,1938.415,セグレイブ,0998-00,セグレイブ,,ドラゴン,こおり,一般,でんき,とつげきチョッキ
1081,8,778,1938.415,ハバタクカミ,0987-00,ハバタクカミ,,ゴースト,フェアリー,パラドックス,フェアリー,こだわりメガネ
1082,8,778,1938.415,ヘイラッシャ,0977-00,ヘイラッシャ,,みず,,一般,フェアリー,たべのこし
1083,8,778,1938.415,ディンルー,1003-00,ディンルー,,あく,じめん,準伝説,どく,オボンのみ
1084,8,778,1938.415,カイリュー,0149-00,カイリュー,,ドラゴン,ひこう,一般,ノーマル,あつぞこブーツ
1085,8,778,1938.415,サーフゴー,1000-00,サーフゴー,,はがね,ゴースト,一般,みず,こだわりスカーフ
1086,8,796,1937.235,ハッサム,0212-00,ハッサム,,むし,はがね,一般,あく,ゴツゴツメット
1087,8,796,1937.235,カイリュー,0149-00,カイリュー,,ドラゴン,ひこう,一般,ノーマル,こだわりハチマキ
1088,8,796,1937.235,イーユイ,1004-00,イーユイ,,あく,ほのお,準伝説,ゴースト,こだわりメガネ
1089,8,796,1937.235,パオジアン,1002-00,パオジアン,,あく,こおり,準伝説,でんき,きあいのタスキ
1090,8,796,1937.235,サーフゴー,1000-00,サーフゴー,,はがね,ゴースト,一般,ひこう,たべのこし
1091,8,796,1937.235,マリルリ,0184-00,マリルリ,,みず,フェアリー,一般,みず,ラムのみ
1092,8,801,1937.093,ハバタクカミ,0987-00,ハバタクカミ,,ゴースト,フェアリー,パラドックス,みず,ブーストエナジー
1093,8,801,1937.093,ドラパルト,0887-00,ドラパルト,,ドラゴン,ゴースト,一般,ほのお,きあいのタスキ
1094,8,801,1937.093,クエスパトラ,0956-00,クエスパトラ,,エスパー,,一般,みず,ラムのみ
1095,8,801,1937.093,セグレイブ,0998-00,セグレイブ,,ドラゴン,こおり,一般,でんき,いかさまダイス
1096,8,801,1937.093,レジエレキ,0894-00,レジエレキ,,でんき,,準伝説,でんき,ひかりのねんど
1097,8,801,1937.093,ジバコイル,0462-00,ジバコイル,,でんき,はがね,一般,かくとう,じゃくてんほけん
1098,8,803,1937.076,パオジアン,1002-00,パオジアン,,あく,こおり,準伝説,あく,こだわりハチマキ
1099,8,803,1937.076,ハバタクカミ,0987-00,ハバタクカミ,,ゴースト,フェアリー,パラドックス,みず,ブーストエナジー
1100,8,803,1937.076,モロバレル,0591-00,モロバレル,,くさ,どく,一般,みず,だっしゅつパック
1101,8,803,1937.076,ヒードラン,0485-00,ヒードラン,,ほのお,はがね,準伝説,フェアリー,とつげきチョッキ
1102,8,803,1937.076,ウォッシュロトム,0479-02,ロトム,ウォッシュロトム,でんき,みず,一般,はがね,ゴツゴツメット
1103,8,803,1937.076,ガチグマ,0901-00,ガチグマ,,じめん,ノーマル,一般,ノーマル,かえんだま
1104,8,814,1936.31,ガブリアス,0445-00,ガブリアス,,ドラゴン,じめん,一般,はがね,オボンのみ
1105,8,814,1936.31,テツノツツミ,0991-00,テツノツツミ,,こおり,みず,パラドックス,ゴースト,ブーストエナジー
1106,8,814,1936.31,ミミッキュ,0778-00,ミミッキュ,ばけたすがた,ゴースト,フェアリー,一般,フェアリー,いのちのたま
1107,8,814,1936.31,カイリュー,0149-00,カイリュー,,ドラゴン,ひこう,一般,はがね,おんみつマント
1108,8,814,1936.31,イーユイ,1004-00,イーユイ,,あく,ほのお,準伝説,ゴースト,たべのこし
1109,8,814,1936.31,サーフゴー,1000-00,サーフゴー,,はがね,ゴースト,一般,はがね,こだわりメガネ
1110,8,824,1935.822,エーフィ,0196-00,エーフィ,,エスパー,,一般,フェアリー,こだわりスカーフ
1111,8,824,1935.822,カイリュー,0149-00,カイリュー,,ドラゴン,ひこう,一般,ひこう,ラムのみ
1112,8,824,1935.822,ミミッキュ,0778-00,ミミッキュ,ばけたすがた,ゴースト,フェアリー,一般,くさ,いのちのたま
1113,8,824,1935.822,パオジアン,1002-00,パオジアン,,あく,こおり,準伝説,ゴースト,きあいのタスキ
1114,8,824,1935.822,ウルガモス,0637-00,ウルガモス,,むし,ほのお,一般,くさ,オボンのみ
1115,8,824,1935.822,ウォッシュロトム,0479-02,ロトム,ウォッシュロトム,でんき,みず,一般,はがね,こだわりメガネ
1116,8,828,1935.265,ハバタクカミ,0987-00,ハバタクカミ,,ゴースト,フェアリー,パラドックス,フェアリー,こだわりメガネ
1117,8,828,1935.265,ハッサム,0212-00,ハッサム,,むし,はがね,一般,かくとう,オボンのみ
1118,8,828,1935.265,パオジアン,1002-00,パオジアン,,あく,こおり,準伝説,でんき,とつげきチョッキ
1119,8,828,1935.265,ボルトロス(れいじゅう),0642-01,ボルトロス,れいじゅうフォルム,でんき,ひこう,準伝説,はがね,ゴツゴツメット
1120,8,828,1935.265,ガブリアス,0445-00,ガブリアス,,ドラゴン,じめん,一般,フェアリー,こだわりハチマキ
1121,8,828,1935.265,モロバレル,0591-00,モロバレル,,くさ,どく,一般,ドラゴン,だっしゅつパック
1122,8,839,1934.567,テツノブジン,1006-00,テツノブジン,,フェアリー,かくとう,パラドックス,ゴースト,こだわりスカーフ
1123,8,839,1934.567,ドドゲザン,0983-00,ドドゲザン,,あく,はがね,一般,ひこう,とつげきチョッキ
1124,8,839,1934.567,パオジアン,1002-00,パオジアン,,あく,こおり,準伝説,ゴースト,きあいのタスキ
1125,8,839,1934.567,ディンルー,1003-00,ディンルー,,あく,じめん,準伝説,どく,フィラのみ
1126,8,839,1934.567,カイリュー,0149-00,カイリュー,,ドラゴン,ひこう,一般,みず,たべのこし
1127,8,839,1934.567,サーフゴー,1000-00,サーフゴー,,はがね,ゴースト,一般,かくとう,おんみつマント
1128,8,845,1933.965,コータス,0324-00,コータス,,ほのお,,一般,ほのお,こだわりメガネ
1129,8,845,1933.965,ドンファン,0232-00,ドンファン,,じめん,,一般,くさ,オボンのみ
1130,8,845,1933.965,カイリュー,0149-00,カイリュー,,ドラゴン,ひこう,一般,ひこう,するどいくちばし
1131,8,845,1933.965,ウーラオス(れんげき),0892-01,ウーラオス,れんげきのかた,かくとう,みず,準伝説,かくとう,もちものなし
1132,8,845,1933.965,イエッサン(オス),0876-00,イエッサン,オスのすがた,エスパー,ノーマル,一般,くさ,きあいのタスキ
1133,8,845,1933.965,ヘイラッシャ,0977-00,ヘイラッシャ,,みず,,一般,みず,もちものなし
1134,8,848,1933.839,ガチグマ,0901-00,ガチグマ,,じめん,ノーマル,一般,でんき,かえんだま
1135,8,848,1933.839,ヤドキング(ガラル),0199-01,ヤドキング,ガラルのすがた,どく,エスパー,一般,フェアリー,メンタルハーブ
1136,8,848,1933.839,テツノツツミ,0991-00,テツノツツミ,,こおり,みず,パラドックス,こおり,ひかりのねんど
1137,8,848,1933.839,コノヨザル,0979-00,コノヨザル,,かくとう,ゴースト,一般,みず,たべのこし
1138,8,848,1933.839,マリルリ,0184-00,マリルリ,,みず,フェアリー,一般,みず,オボンのみ
1139,8,848,1933.839,サザンドラ,0635-00,サザンドラ,,あく,ドラゴン,一般,はがね,ゴツゴツメット
1140,8,858,1932.704,ヘイラッシャ,0977-00,ヘイラッシャ,,みず,,一般,フェアリー,たべのこし
1141,8,858,1932.704,ラッキー,0113-00,ラッキー,,ノーマル,,一般,あく,しんかのきせき
1142,8,858,1932.704,ドヒドイデ,0748-00,ドヒドイデ,,どく,みず,一般,くさ,レッドカード
1143,8,858,1932.704,ミミズズ,0968-00,ミミズズ,,はがね,,一般,ゴースト,カゴのみ
1144,8,858,1932.704,カイリュー,0149-00,カイリュー,,ドラゴン,ひこう,一般,はがね,おんみつマント
1145,8,858,1932.704,ゴチルゼル,0576-00,ゴチルゼル,,エスパー,,一般,ひこう,こだわりスカーフ
1146,8,870,1932.244,カイリュー,0149-00,カイリュー,,ドラゴン,ひこう,一般,ノーマル,たべのこし
1147,8,870,1932.244,ウルガモス,0637-00,ウルガモス,,むし,ほのお,一般,フェアリー,あつぞこブーツ
1148,8,870,1932.244,ウーラオス(れんげき),0892-01,ウーラオス,れんげきのかた,かくとう,みず,準伝説,はがね,パンチグローブ
1149,8,870,1932.244,テツノツツミ,0991-00,テツノツツミ,,こおり,みず,パラドックス,ゴースト,ブーストエナジー
1150,8,870,1932.244,ハバタクカミ,0987-00,ハバタクカミ,,ゴースト,フェアリー,パラドックス,ゴースト,きあいのタスキ
1151,8,870,1932.244,ガチグマ,0901-00,ガチグマ,,じめん,ノーマル,一般,はがね,かえんだま
1152,8,881,1931.531,ガブリアス,0445-00,ガブリアス,,ドラゴン,じめん,一般,フェアリー,こだわりハチマキ
1153,8,881,1931.531,ハッサム,0212-00,ハッサム,,むし,はがね,一般,あく,とつげきチョッキ
1154,8,881,1931.531,ハバタクカミ,0987-00,ハバタクカミ,,ゴースト,フェアリー,パラドックス,みず,ブーストエナジー
1155,8,881,1931.531,カイリュー,0149-00,カイリュー,,ドラゴン,ひこう,一般,ひこう,ラムのみ
1156,8,881,1931.531,イーユイ,1004-00,イーユイ,,あく,ほのお,準伝説,フェアリー,こだわりスカーフ
1157,8,881,1931.531,ヘイラッシャ,0977-00,ヘイラッシャ,,みず,,一般,はがね,たべのこし
1158,8,888,1931.092,ハバタクカミ,0987-00,ハバタクカミ,,ゴースト,フェアリー,パラドックス,みず,ブーストエナジー
1159,8,888,1931.092,カイリュー,0149-00,カイリュー,,ドラゴン,ひこう,一般,ノーマル,たべのこし
1160,8,888,1931.092,サーフゴー,1000-00,サーフゴー,,はがね,ゴースト,一般,ひこう,こだわりスカーフ
1161,8,888,1931.092,オオニューラ,0903-00,オオニューラ,,かくとう,どく,一般,ゴースト,レッドカード
1162,8,888,1931.092,ヒードラン,0485-00,ヒードラン,,ほのお,はがね,準伝説,くさ,とつげきチョッキ
1163,8,888,1931.092,チオンジェン,1001-00,チオンジェン,,あく,くさ,準伝説,はがね,オボンのみ
1164,8,891,1930.859,ウーラオス(れんげき),0892-01,ウーラオス,れんげきのかた,かくとう,みず,準伝説,どく,パンチグローブ
1165,8,891,1930.859,ハバタクカミ,0987-00,ハバタクカミ,,ゴースト,フェアリー,パラドックス,みず,ブーストエナジー
1166,8,891,1930.859,パオジアン,1002-00,パオジアン,,あく,こおり,準伝説,くさ,きあいのタスキ
1167,8,891,1930.859,サーフゴー,1000-00,サーフゴー,,はがね,ゴースト,一般,ひこう,ふうせん
1168,8,891,1930.859,カイリュー,0149-00,カイリュー,,ドラゴン,ひこう,一般,はがね,ラムのみ
1169,8,891,1930.859,ドドゲザン,0983-00,ドドゲザン,,あく,はがね,一般,ほのお,とつげきチョッキ
1170,8,893,1930.797,セグレイブ,0998-00,セグレイブ,,ドラゴン,こおり,一般,フェアリー,とつげきチョッキ
1171,8,893,1930.797,ヒードラン,0485-00,ヒードラン,,ほのお,はがね,準伝説,フェアリー,ゴツゴツメット
1172,8,893,1930.797,キノガッサ,0286-00,キノガッサ,,くさ,かくとう,一般,はがね,きあいのタスキ
1173,8,893,1930.797,ミミッキュ,0778-00,ミミッキュ,ばけたすがた,ゴースト,フェアリー,一般,ゴースト,いのちのたま
1174,8,893,1930.797,ボルトロス(れいじゅう),0642-01,ボルトロス,れいじゅうフォルム,でんき,ひこう,準伝説,ゴースト,たべのこし
1175,8,893,1930.797,イダイトウ(オス),0902-00,イダイトウ,オスのすがた,みず,ゴースト,一般,みず,しんぴのしずく
1176,8,916,1929.356,ヤドラン,0080-00,ヤドラン,,みず,エスパー,一般,フェアリー,おんみつマント
1177,8,916,1929.356,ヤドキング(ガラル),0199-01,ヤドキング,ガラルのすがた,どく,エスパー,一般,ノーマル,とつげきチョッキ
1178,8,916,1929.356,キョジオーン,0934-00,キョジオーン,,いわ,,一般,フェアリー,たべのこし
1179,8,916,1929.356,パオジアン,1002-00,パオジアン,,あく,こおり,準伝説,ゴースト,きあいのタスキ
1180,8,916,1929.356,ヒードラン,0485-00,ヒードラン,,ほのお,はがね,準伝説,くさ,こだわりスカーフ
1181,8,916,1929.356,サザンドラ,0635-00,サザンドラ,,あく,ドラゴン,一般,はがね,こだわりメガネ
1182,8,930,1928.876,サーフゴー,1000-00,サーフゴー,,はがね,ゴースト,一般,ひこう,ひかりのねんど
1183,8,930,1928.876,カイリュー,0149-00,カイリュー,,ドラゴン,ひこう,一般,フェアリー,ゴツゴツメット
1184,8,930,1928.876,ウルガモス,0637-00,ウルガモス,,むし,ほのお,一般,フェアリー,あつぞこブーツ
1185,8,930,1928.876,キョジオーン,0934-00,キョジオーン,,いわ,,一般,みず,レッドカード
1186,8,930,1928.876,ハバタクカミ,0987-00,ハバタクカミ,,ゴースト,フェアリー,パラドックス,ほのお,ブーストエナジー
1187,8,930,1928.876,クエスパトラ,0956-00,クエスパトラ,,エスパー,,一般,みず,ラムのみ
1188,8,932,1928.724,バンギラス,0248-00,バンギラス,,いわ,あく,一般,フェアリー,さらさらいわ
1189,8,932,1928.724,ハカドッグ,0972-00,ハカドッグ,,ゴースト,,一般,かくとう,いのちのたま
1190,8,932,1928.724,コノヨザル,0979-00,コノヨザル,,かくとう,ゴースト,一般,どく,きあいのタスキ
1191,8,932,1928.724,ミミッキュ,0778-00,ミミッキュ,ばけたすがた,ゴースト,フェアリー,一般,みず,せいれいプレート
1192,8,932,1928.724,ガチグマ,0901-00,ガチグマ,,じめん,ノーマル,一般,ノーマル,かえんだま
1193,8,932,1928.724,ラウドボーン,0911-00,ラウドボーン,,ほのお,ゴースト,一般,フェアリー,のどスプレー
1194,8,936,1928.428,ディンルー,1003-00,ディンルー,,あく,じめん,準伝説,フェアリー,オボンのみ
1195,8,936,1928.428,カイリュー,0149-00,カイリュー,,ドラゴン,ひこう,一般,ノーマル,あつぞこブーツ
1196,8,936,1928.428,サーフゴー,1000-00,サーフゴー,,はがね,ゴースト,一般,みず,こだわりメガネ
1197,8,936,1928.428,クレセリア,0488-00,クレセリア,,エスパー,,準伝説,あく,メンタルハーブ
1198,8,936,1928.428,ガチグマ,0901-00,ガチグマ,,じめん,ノーマル,一般,みず,かえんだま
1199,8,936,1928.428,モロバレル,0591-00,モロバレル,,くさ,どく,一般,みず,だっしゅつパック
1200,8,949,1927.336,カイリュー,0149-00,カイリュー,,ドラゴン,ひこう,一般,ひこう,こだわりハチマキ
1201,8,949,1927.336,ハバタクカミ,0987-00,ハバタクカミ,,ゴースト,フェアリー,パラドックス,ノーマル,こだわりメガネ
1202,8,949,1927.336,ウーラオス(れんげき),0892-01,ウーラオス,れんげきのかた,かくとう,みず,準伝説,どく,パンチグローブ
1203,8,949,1927.336,サンダー,0145-00,サンダー,,でんき,ひこう,準伝説,ひこう,こだわりスカーフ
1204,8,949,1927.336,テツノブジン,1006-00,テツノブジン,,フェアリー,かくとう,パラドックス,はがね,ブーストエナジー
1205,8,949,1927.336,キノガッサ,0286-00,キノガッサ,,くさ,かくとう,一般,いわ,きあいのタスキ
1206,8,979,1925.019,サンダース,0135-00,サンダース,,でんき,,一般,ゴースト,かえんだま
1207,8,979,1925.019,ブリザポス,0896-00,ブリザポス,,こおり,,準伝説,でんき,とつげきチョッキ
1208,8,979,1925.019,ウーラオス(れんげき),0892-01,ウーラオス,れんげきのかた,かくとう,みず,準伝説,みず,こだわりスカーフ
1209,8,979,1925.019,テツノドクガ,0994-00,テツノドクガ,,ほのお,どく,パラドックス,くさ,こだわりメガネ
1210,8,979,1925.019,カイリュー,0149-00,カイリュー,,ドラゴン,ひこう,一般,はがね,ねばりのかぎづめ
1211,8,979,1925.019,ランドロス(れいじゅう),0645-01,ランドロス,れいじゅうフォルム,じめん,ひこう,準伝説,じめん,たべのこし
1212,8,986,1924.667,モロバレル,0591-00,モロバレル,,くさ,どく,一般,でんき,メンタルハーブ
1213,8,986,1924.667,ヘイラッシャ,0977-00,ヘイラッシャ,,みず,,一般,フェアリー,たべのこし
1214,8,986,1924.667,ラッキー,0113-00,ラッキー,,ノーマル,,一般,あく,しんかのきせき
1215,8,986,1924.667,クレセリア,0488-00,クレセリア,,エスパー,,準伝説,はがね,おんみつマント
1216,8,986,1924.667,フワライド,0426-00,フワライド,,ゴースト,ひこう,一般,フェアリー,ゴツゴツメット
1217,8,986,1924.667,ハピナス,0242-00,ハピナス,,ノーマル,,一般,はがね,こだわりスカーフ
1218,8,990,1924.318,テツノツツミ,0991-00,テツノツツミ,,こおり,みず,パラドックス,ゴースト,ブーストエナジー
1219,8,990,1924.318,コノヨザル,0979-00,コノヨザル,,かくとう,ゴースト,一般,みず,きあいのタスキ
1220,8,990,1924.318,カイリュー,0149-00,カイリュー,,ドラゴン,ひこう,一般,ひこう,あつぞこブーツ
1221,8,990,1924.318,ガチグマ,0901-00,ガチグマ,,じめん,ノーマル,一般,フェアリー,かえんだま
1222,8,990,1924.318,ハバタクカミ,0987-00,ハバタクカミ,,ゴースト,フェアリー,パラドックス,みず,こだわりメガネ
1223,8,990,1924.318,パオジアン,1002-00,パオジアン,,あく,こおり,準伝説,フェアリー,こだわりスカーフ
1224,8,995,1924.106,ディンルー,1003-00,ディンルー,,あく,じめん,準伝説,フェアリー,オボンのみ
1225,8,995,1924.106,ウーラオス(れんげき),0892-01,ウーラオス,れんげきのかた,かくとう,みず,準伝説,どく,パンチグローブ
1226,8,995,1924.106,ハバタクカミ,0987-00,ハバタクカミ,,ゴースト,フェアリー,パラドックス,フェアリー,こだわりメガネ
1227,8,995,1924.106,パオジアン,1002-00,パオジアン,,あく,こおり,準伝説,ゴースト,きあいのタスキ
1228,8,995,1924.106,ウルガモス,0637-00,ウルガモス,,むし,ほのお,一般,みず,あつぞこブーツ
1229,8,995,1924.106,サーフゴー,1000-00,サーフゴー,,はがね,ゴースト,一般,みず,おんみつマント
